IDDIST,NOMBDEP,NOMBPROV,NOMBDIST,NOM_CAPITAL (LEGAL)
010101,AMAZONAS,CHACHAPOYAS,CHACHAPOYAS,CHACHAPOYAS
010102,AMAZONAS,CHACHAPOYAS,ASUNCION,ASUNCION
010103,AMAZONAS,CHACHAPOYAS,BALSAS,BALSAS
010104,AMAZONAS,CHACHAPOYAS,CHETO,CHETO
010105,AMAZONAS,CHACHAPOYAS,CHILIQUIN,CHILIQUIN
010106,AMAZONAS,CHACHAPOYAS,CHUQUIBAMBA,CHUQUIBAMBA
010107,AMAZONAS,CHACHAPOYAS,GRANADA,GRANADA
010108,AMAZONAS,CHACHAPOYAS,HUANCAS,HUANCAS
010109,AMAZONAS,CHACHAPOYAS,LA JALCA,LA JALCA
010110,AMAZONAS,CHACHAPOYAS,LEIMEBAMBA,LEIMEBAMBA
010111,AMAZONAS,CHACHAPOYAS,LEVANTO,LEVANTO
010112,AMAZONAS,CHACHAPOYAS,MAGDALENA,MAGDALENA
010113,AMAZONAS,CHACHAPOYAS,MARISCAL CASTILLA,DURAZNOPAMPA
010114,AMAZONAS,CHACHAPOYAS,MOLINOPAMPA,MOLINOPAMPA
010115,AMAZONAS,CHACHAPOYAS,MONTEVIDEO,MONTEVIDEO
010116,AMAZONAS,CHACHAPOYAS,OLLEROS,OLLEROS
010117,AMAZONAS,CHACHAPOYAS,QUINJALCA,QUINJALCA
010118,AMAZONAS,CHACHAPOYAS,SAN FRANCISCO DE DAGUAS,DAGUAS
010119,AMAZONAS,CHACHAPOYAS,SAN ISIDRO DE MAINO,MAINO
010120,AMAZONAS,CHACHAPOYAS,SOLOCO,SOLOCO
010121,AMAZONAS,CHACHAPOYAS,SONCHE,SAN JUAN DE SONCHE
010201,AMAZONAS,BAGUA,BAGUA,BAGUA
010202,AMAZONAS,BAGUA,ARAMANGO,ARAMANGO
010203,AMAZONAS,BAGUA,COPALLIN,COPALLIN
010204,AMAZONAS,BAGUA,EL PARCO,EL PARCO
010205,AMAZONAS,BAGUA,IMAZA,CHIRIACO
010206,AMAZONAS,BAGUA,LA PECA,LA PECA
010301,AMAZONAS,BONGARA,JUMBILLA,JUMBILLA
010302,AMAZONAS,BONGARA,CHISQUILLA,CHISQUILLA
010303,AMAZONAS,BONGARA,CHURUJA,CHURUJA
010304,AMAZONAS,BONGARA,COROSHA,COROSHA
010305,AMAZONAS,BONGARA,CUISPES,CUISPES
010306,AMAZONAS,BONGARA,FLORIDA,FLORIDA (POMACOCHAS)
010307,AMAZONAS,BONGARA,JAZAN,PEDRO RUIZ GALLO
010308,AMAZONAS,BONGARA,RECTA,RECTA
010309,AMAZONAS,BONGARA,SAN CARLOS,SAN CARLOS
010310,AMAZONAS,BONGARA,SHIPASBAMBA,SHIPASBAMBA
010311,AMAZONAS,BONGARA,VALERA,VALERA (SAN PABLO)
010312,AMAZONAS,BONGARA,YAMBRASBAMBA,YAMBRASBAMBA
010401,AMAZONAS,CONDORCANQUI,NIEVA,SANTA MARIA DE NIEVA
010402,AMAZONAS,CONDORCANQUI,EL CENEPA,HUAMPAMI
010403,AMAZONAS,CONDORCANQUI,RIO SANTIAGO,PUERTO GALILEA
010501,AMAZONAS,LUYA,LAMUD,LAMUD
010502,AMAZONAS,LUYA,CAMPORREDONDO,CAMPORREDONDO
010503,AMAZONAS,LUYA,COCABAMBA,COCABAMBA
010504,AMAZONAS,LUYA,COLCAMAR,COLCAMAR
010505,AMAZONAS,LUYA,CONILA,COHECHAN
010506,AMAZONAS,LUYA,INGUILPATA,INGUILPATA
010507,AMAZONAS,LUYA,LONGUITA,LONGUITA
010508,AMAZONAS,LUYA,LONYA CHICO,LONYA CHICO
010509,AMAZONAS,LUYA,LUYA,LUYA
010510,AMAZONAS,LUYA,LUYA VIEJO,LUYA VIEJO
010511,AMAZONAS,LUYA,MARIA,MARIA
010512,AMAZONAS,LUYA,OCALLI,OCALLI
010513,AMAZONAS,LUYA,OCUMAL,COLLONCE
010514,AMAZONAS,LUYA,PISUQUIA,YOMBLON
010515,AMAZONAS,LUYA,PROVIDENCIA,PROVIDENCIA
010516,AMAZONAS,LUYA,SAN CRISTOBAL,OLTO
010517,AMAZONAS,LUYA,SAN FRANCISCO DEL YESO,SAN FRANCISCO DEL YESO
010518,AMAZONAS,LUYA,SAN JERONIMO,PACLAS
010519,AMAZONAS,LUYA,SAN JUAN DE LOPECANCHA,SAN JUAN DE LOPECANCHA
010520,AMAZONAS,LUYA,SANTA CATALINA,SANTA CATALINA
010521,AMAZONAS,LUYA,SANTO TOMAS,SANTO TOMAS
010522,AMAZONAS,LUYA,TINGO,TINGO
010523,AMAZONAS,LUYA,TRITA,TRITA
010601,AMAZONAS,RODRIGUEZ DE MENDOZA,SAN NICOLAS,MENDOZA
010602,AMAZONAS,RODRIGUEZ DE MENDOZA,CHIRIMOTO,CHIRIMOTO
010603,AMAZONAS,RODRIGUEZ DE MENDOZA,COCHAMAL,COCHAMAL
010604,AMAZONAS,RODRIGUEZ DE MENDOZA,HUAMBO,HUAMBO
010605,AMAZONAS,RODRIGUEZ DE MENDOZA,LIMABAMBA,LIMABAMBA
010606,AMAZONAS,RODRIGUEZ DE MENDOZA,LONGAR,LONGAR
010607,AMAZONAS,RODRIGUEZ DE MENDOZA,MARISCAL BENAVIDES,MARISCAL BENAVIDES
010608,AMAZONAS,RODRIGUEZ DE MENDOZA,MILPUC,MILPUC
010609,AMAZONAS,RODRIGUEZ DE MENDOZA,OMIA,OMIA
010610,AMAZONAS,RODRIGUEZ DE MENDOZA,SANTA ROSA,SANTA ROSA DE HUAYABAMBA
010611,AMAZONAS,RODRIGUEZ DE MENDOZA,TOTORA,TOTORA
010612,AMAZONAS,RODRIGUEZ DE MENDOZA,VISTA ALEGRE,VISTA ALEGRE
010701,AMAZONAS,UTCUBAMBA,BAGUA GRANDE,BAGUA GRANDE
010702,AMAZONAS,UTCUBAMBA,CAJARURO,CAJARURO
010703,AMAZONAS,UTCUBAMBA,CUMBA,CUMBA
010704,AMAZONAS,UTCUBAMBA,EL MILAGRO,EL MILAGRO
010705,AMAZONAS,UTCUBAMBA,JAMALCA,JAMALCA
010706,AMAZONAS,UTCUBAMBA,LONYA GRANDE,LONYA GRANDE
010707,AMAZONAS,UTCUBAMBA,YAMON,YAMON
020101,ANCASH,HUARAZ,HUARAZ,HUARAZ
020102,ANCASH,HUARAZ,COCHABAMBA,COCHABAMBA
020103,ANCASH,HUARAZ,COLCABAMBA,COLCABAMBA
020104,ANCASH,HUARAZ,HUANCHAY,HUANCHAY
020105,ANCASH,HUARAZ,INDEPENDENCIA,CENTENARIO
020106,ANCASH,HUARAZ,JANGAS,JANGAS
020107,ANCASH,HUARAZ,LA LIBERTAD,CAJAMARQUILLA
020108,ANCASH,HUARAZ,OLLEROS,OLLEROS
020109,ANCASH,HUARAZ,PAMPAS GRANDE,PAMPAS GRANDE
020110,ANCASH,HUARAZ,PARIACOTO,PARIACOTO
020111,ANCASH,HUARAZ,PIRA,PIRA
020112,ANCASH,HUARAZ,TARICA,TARICA
020201,ANCASH,AIJA,AIJA,AIJA
020202,ANCASH,AIJA,CORIS,CORIS
020203,ANCASH,AIJA,HUACLLAN,HUACLLAN
020204,ANCASH,AIJA,LA MERCED,LA MERCED
020205,ANCASH,AIJA,SUCCHA,SUCCHA
020301,ANCASH,ANTONIO RAYMONDI,LLAMELLIN,LLAMELLIN
020302,ANCASH,ANTONIO RAYMONDI,ACZO,ACZO
020303,ANCASH,ANTONIO RAYMONDI,CHACCHO,CHACCHO
020304,ANCASH,ANTONIO RAYMONDI,CHINGAS,CHINGAS
020305,ANCASH,ANTONIO RAYMONDI,MIRGAS,MIRGAS
020306,ANCASH,ANTONIO RAYMONDI,SAN JUAN DE RONTOY,SAN JUAN DE RONTOY
020401,ANCASH,ASUNCION,CHACAS,CHACAS
020402,ANCASH,ASUNCION,ACOCHACA,ACOCHACA
020501,ANCASH,BOLOGNESI,CHIQUIAN,CHIQUIAN
020502,ANCASH,BOLOGNESI,ABELARDO PARDO LEZAMETA,LLACLLA
020503,ANCASH,BOLOGNESI,ANTONIO RAYMONDI,RAQUIA
020504,ANCASH,BOLOGNESI,AQUIA,AQUIA
020505,ANCASH,BOLOGNESI,CAJACAY,CAJACAY
020506,ANCASH,BOLOGNESI,CANIS,CANIS
020507,ANCASH,BOLOGNESI,COLQUIOC,CHASQUITAMBO
020508,ANCASH,BOLOGNESI,HUALLANCA,HUALLANCA
020509,ANCASH,BOLOGNESI,HUASTA,HUASTA
020510,ANCASH,BOLOGNESI,HUAYLLACAYAN,HUAYLLACAYAN
020511,ANCASH,BOLOGNESI,LA PRIMAVERA,GORGORILLO
020512,ANCASH,BOLOGNESI,MANGAS,MANGAS
020513,ANCASH,BOLOGNESI,PACLLON,PACLLON
020514,ANCASH,BOLOGNESI,SAN MIGUEL DE CORPANQUI,CORPANQUI
020515,ANCASH,BOLOGNESI,TICLLOS,TICLLOS
020601,ANCASH,CARHUAZ,CARHUAZ,CARHUAZ
020602,ANCASH,CARHUAZ,ACOPAMPA,ACOPAMPA
020603,ANCASH,CARHUAZ,AMASHCA,AMASHCA
020604,ANCASH,CARHUAZ,ANTA,ANTA
020605,ANCASH,CARHUAZ,ATAQUERO,CARHUAC
020606,ANCASH,CARHUAZ,MARCARA,MARCARA
020607,ANCASH,CARHUAZ,PARIAHUANCA,PARIAHUANCA
020608,ANCASH,CARHUAZ,SAN MIGUEL DE ACO,ACO
020609,ANCASH,CARHUAZ,SHILLA,SHILLA
020610,ANCASH,CARHUAZ,TINCO,TINCO
020611,ANCASH,CARHUAZ,YUNGAR,YUNGAR
020701,ANCASH,CARLOS FERMIN FITZCARRALD,SAN LUIS,SAN LUIS
020702,ANCASH,CARLOS FERMIN FITZCARRALD,SAN NICOLAS,SAN NICOLAS
020703,ANCASH,CARLOS FERMIN FITZCARRALD,YAUYA,YAUYA
020801,ANCASH,CASMA,CASMA,CASMA
020802,ANCASH,CASMA,BUENA VISTA ALTA,BUENA VISTA ALTA
020803,ANCASH,CASMA,COMANDANTE NOEL,PUERTO CASMA
020804,ANCASH,CASMA,YAUTAN,YAUTAN
020901,ANCASH,CORONGO,CORONGO,CORONGO
020902,ANCASH,CORONGO,ACO,ACO
020903,ANCASH,CORONGO,BAMBAS,BAMBAS
020904,ANCASH,CORONGO,CUSCA,CUSCA
020905,ANCASH,CORONGO,LA PAMPA,LA PAMPA
020906,ANCASH,CORONGO,YANAC,YANAC
020907,ANCASH,CORONGO,YUPAN,YUPAN
021001,ANCASH,HUARI,HUARI,HUARI
021002,ANCASH,HUARI,ANRA,ANRA
021003,ANCASH,HUARI,CAJAY,CAJAY
021004,ANCASH,HUARI,CHAVIN DE HUANTAR,CHAVIN DE HUANTAR
021005,ANCASH,HUARI,HUACACHI,HUACACHI
021006,ANCASH,HUARI,HUACCHIS,HUACCHIS
021007,ANCASH,HUARI,HUACHIS,HUACHIS
021008,ANCASH,HUARI,HUANTAR,HUANTAR
021009,ANCASH,HUARI,MASIN,MASIN
021010,ANCASH,HUARI,PAUCAS,PAUCAS
021011,ANCASH,HUARI,PONTO,PONTO
021012,ANCASH,HUARI,RAHUAPAMPA,RAHUAPAMPA
021013,ANCASH,HUARI,RAPAYAN,RAPAYAN
021014,ANCASH,HUARI,SAN MARCOS,SAN MARCOS
021015,ANCASH,HUARI,SAN PEDRO DE CHANA,CHANA
021016,ANCASH,HUARI,UCO,UCO
021101,ANCASH,HUARMEY,HUARMEY,HUARMEY
021102,ANCASH,HUARMEY,COCHAPETI,COCHAPETI
021103,ANCASH,HUARMEY,CULEBRAS,LA CALETA CULEBRAS
021104,ANCASH,HUARMEY,HUAYAN,HUAYAN
021105,ANCASH,HUARMEY,MALVAS,MALVAS
021201,ANCASH,HUAYLAS,CARAZ,CARAZ
021202,ANCASH,HUAYLAS,HUALLANCA,HUALLANCA
021203,ANCASH,HUAYLAS,HUATA,HUATA
021204,ANCASH,HUAYLAS,HUAYLAS,HUAYLAS
021205,ANCASH,HUAYLAS,MATO,SUCRE
021206,ANCASH,HUAYLAS,PAMPAROMAS,PAMPAROMAS
021207,ANCASH,HUAYLAS,PUEBLO LIBRE,PUEBLO LIBRE /1
021208,ANCASH,HUAYLAS,SANTA CRUZ,HUARIPAMPA
021209,ANCASH,HUAYLAS,SANTO TORIBIO,SANTO TORIBIO
021210,ANCASH,HUAYLAS,YURACMARCA,YURACMARCA
021301,ANCASH,MARISCAL LUZURIAGA,PISCOBAMBA,PISCOBAMBA
021302,ANCASH,MARISCAL LUZURIAGA,CASCA,CASCA
021303,ANCASH,MARISCAL LUZURIAGA,ELEAZAR GUZMAN BARRON,PAMPACHACRA
021304,ANCASH,MARISCAL LUZURIAGA,FIDEL OLIVAS ESCUDERO,SANACHGAN
021305,ANCASH,MARISCAL LUZURIAGA,LLAMA,LLAMA
021306,ANCASH,MARISCAL LUZURIAGA,LLUMPA,LLUMPA
021307,ANCASH,MARISCAL LUZURIAGA,LUCMA,LUCMA
021308,ANCASH,MARISCAL LUZURIAGA,MUSGA,MUSGA
021401,ANCASH,OCROS,OCROS,OCROS
021402,ANCASH,OCROS,ACAS,ACAS
021403,ANCASH,OCROS,CAJAMARQUILLA,CAJAMARQUILLA
021404,ANCASH,OCROS,CARHUAPAMPA,ACO
021405,ANCASH,OCROS,COCHAS,HUANCHAY
021406,ANCASH,OCROS,CONGAS,CONGAS
021407,ANCASH,OCROS,LLIPA,LLIPA
021408,ANCASH,OCROS,SAN CRISTOBAL DE RAJAN,RAJAN
021409,ANCASH,OCROS,SAN PEDRO,COPA
021410,ANCASH,OCROS,SANTIAGO DE CHILCAS,SANTIAGO DE CHILCAS
021501,ANCASH,PALLASCA,CABANA,CABANA
021502,ANCASH,PALLASCA,BOLOGNESI,BOLOGNESI
021503,ANCASH,PALLASCA,CONCHUCOS,CONCHUCOS
021504,ANCASH,PALLASCA,HUACASCHUQUE,HUACASCHUQUE
021505,ANCASH,PALLASCA,HUANDOVAL,HUANDOVAL
021506,ANCASH,PALLASCA,LACABAMBA,LACABAMBA
021507,ANCASH,PALLASCA,LLAPO,LLAPO
021508,ANCASH,PALLASCA,PALLASCA,PALLASCA
021509,ANCASH,PALLASCA,PAMPAS,PAMPAS
021510,ANCASH,PALLASCA,SANTA ROSA,SANTA ROSA
021511,ANCASH,PALLASCA,TAUCA,TAUCA
021601,ANCASH,POMABAMBA,POMABAMBA,POMABAMBA
021602,ANCASH,POMABAMBA,HUAYLLAN,HUAYLLAN
021603,ANCASH,POMABAMBA,PAROBAMBA,PAROBAMBA
021604,ANCASH,POMABAMBA,QUINUABAMBA,QUINUABAMBA
021701,ANCASH,RECUAY,RECUAY,RECUAY
021702,ANCASH,RECUAY,CATAC,CATAC
021703,ANCASH,RECUAY,COTAPARACO,COTAPARACO
021704,ANCASH,RECUAY,HUAYLLAPAMPA,HUAYLLAPAMPA
021705,ANCASH,RECUAY,LLACLLIN,LLACLLIN
021706,ANCASH,RECUAY,MARCA,MARCA
021707,ANCASH,RECUAY,PAMPAS CHICO,PAMPAS CHICO
021708,ANCASH,RECUAY,PARARIN,PARARIN
021709,ANCASH,RECUAY,TAPACOCHA,TAPACOCHA
021710,ANCASH,RECUAY,TICAPAMPA,TICAPAMPA
021801,ANCASH,SANTA,CHIMBOTE,CHIMBOTE
021802,ANCASH,SANTA,CACERES DEL PERU,JIMBE
021803,ANCASH,SANTA,COISHCO,COISHCO
021804,ANCASH,SANTA,MACATE,MACATE
021805,ANCASH,SANTA,MORO,MORO
021806,ANCASH,SANTA,NEPEÑA,NEPEÑA
021807,ANCASH,SANTA,SAMANCO,SAMANCO
021808,ANCASH,SANTA,SANTA,SANTA
021809,ANCASH,SANTA,NUEVO CHIMBOTE,BUENOS AIRES
021901,ANCASH,SIHUAS,SIHUAS,SIHUAS
021902,ANCASH,SIHUAS,ACOBAMBA,ACOBAMBA
021903,ANCASH,SIHUAS,ALFONSO UGARTE,ULLULLUCO
021904,ANCASH,SIHUAS,CASHAPAMPA,CASHAPAMPA
021905,ANCASH,SIHUAS,CHINGALPO,CHINGALPO
021906,ANCASH,SIHUAS,HUAYLLABAMBA,HUAYLLABAMBA
021907,ANCASH,SIHUAS,QUICHES,QUICHES
021908,ANCASH,SIHUAS,RAGASH,RAGASH
021909,ANCASH,SIHUAS,SAN JUAN,CHULLIN
021910,ANCASH,SIHUAS,SICSIBAMBA,UMBE
022001,ANCASH,YUNGAY,YUNGAY,YUNGAY
022002,ANCASH,YUNGAY,CASCAPARA,CASCAPARA
022003,ANCASH,YUNGAY,MANCOS,MANCOS
022004,ANCASH,YUNGAY,MATACOTO,MATACOTO
022005,ANCASH,YUNGAY,QUILLO,QUILLO
022006,ANCASH,YUNGAY,RANRAHIRCA,RANRAHIRCA
022007,ANCASH,YUNGAY,SHUPLUY,SHUPLUY
022008,ANCASH,YUNGAY,YANAMA,YANAMA
030101,APURIMAC,ABANCAY,ABANCAY,ABANCAY
030102,APURIMAC,ABANCAY,CHACOCHE,CHACOCHE
030103,APURIMAC,ABANCAY,CIRCA,CIRCA
030104,APURIMAC,ABANCAY,CURAHUASI,CURAHUASI
030105,APURIMAC,ABANCAY,HUANIPACA,HUANIPACA
030106,APURIMAC,ABANCAY,LAMBRAMA,LAMBRAMA
030107,APURIMAC,ABANCAY,PICHIRHUA,PICHIRHUA
030108,APURIMAC,ABANCAY,SAN PEDRO DE CACHORA,CACHORA
030109,APURIMAC,ABANCAY,TAMBURCO,TAMBURCO
030201,APURIMAC,ANDAHUAYLAS,ANDAHUAYLAS,ANDAHUAYLAS
030202,APURIMAC,ANDAHUAYLAS,ANDARAPA,ANDARAPA
030203,APURIMAC,ANDAHUAYLAS,CHIARA,CHIARA
030204,APURIMAC,ANDAHUAYLAS,HUANCARAMA,HUANCARAMA
030205,APURIMAC,ANDAHUAYLAS,HUANCARAY,HUANCARAY
030206,APURIMAC,ANDAHUAYLAS,HUAYANA,HUAYANA
030207,APURIMAC,ANDAHUAYLAS,KISHUARA,KISHUARA
030208,APURIMAC,ANDAHUAYLAS,PACOBAMBA,PACOBAMBA
030209,APURIMAC,ANDAHUAYLAS,PACUCHA,PACUCHA
030210,APURIMAC,ANDAHUAYLAS,PAMPACHIRI,PAMPACHIRI
030211,APURIMAC,ANDAHUAYLAS,POMACOCHA,POMACOCHA
030212,APURIMAC,ANDAHUAYLAS,SAN ANTONIO DE CACHI,SAN ANTONIO DE CACHI
030213,APURIMAC,ANDAHUAYLAS,SAN JERONIMO,SAN JERONIMO
030214,APURIMAC,ANDAHUAYLAS,SAN MIGUEL DE CHACCRAMPA,CHACCRAMPA
030215,APURIMAC,ANDAHUAYLAS,SANTA MARIA DE CHICMO,SANTA MARIA DE CHICMO
030216,APURIMAC,ANDAHUAYLAS,TALAVERA,TALAVERA
030217,APURIMAC,ANDAHUAYLAS,TUMAY HUARACA,UMAMARCA
030218,APURIMAC,ANDAHUAYLAS,TURPO,TURPO
030219,APURIMAC,ANDAHUAYLAS,KAQUIABAMBA,KAQUIABAMBA
030220,APURIMAC,ANDAHUAYLAS,JOSE MARIA ARGUEDAS,HUANCABAMBA
030301,APURIMAC,ANTABAMBA,ANTABAMBA,ANTABAMBA
030302,APURIMAC,ANTABAMBA,EL ORO,AYAHUAY
030303,APURIMAC,ANTABAMBA,HUAQUIRCA,HUAQUIRCA
030304,APURIMAC,ANTABAMBA,JUAN ESPINOZA MEDRANO,MOLLEBAMBA
030305,APURIMAC,ANTABAMBA,OROPESA,OROPESA
030306,APURIMAC,ANTABAMBA,PACHACONAS,PACHACONAS
030307,APURIMAC,ANTABAMBA,SABAINO,SABAINO
030401,APURIMAC,AYMARAES,CHALHUANCA,CHALHUANCA
030402,APURIMAC,AYMARAES,CAPAYA,CAPAYA
030403,APURIMAC,AYMARAES,CARAYBAMBA,CARAYBAMBA
030404,APURIMAC,AYMARAES,CHAPIMARCA,CHAPIMARCA
030405,APURIMAC,AYMARAES,COLCABAMBA,COLCABAMBA
030406,APURIMAC,AYMARAES,COTARUSE,COTARUSE
030407,APURIMAC,AYMARAES,IHUAYLLO,IHUAYLLO
030408,APURIMAC,AYMARAES,JUSTO APU SAHUARAURA,PICHIHUA
030409,APURIMAC,AYMARAES,LUCRE,LUCRE
030410,APURIMAC,AYMARAES,POCOHUANCA,POCOHUANCA
030411,APURIMAC,AYMARAES,SAN JUAN DE CHACÑA,SAN JUAN DE CHACÑA
030412,APURIMAC,AYMARAES,SAÑAYCA,SAÑAYCA
030413,APURIMAC,AYMARAES,SORAYA,SORAYA
030414,APURIMAC,AYMARAES,TAPAIRIHUA,TAPAIRIHUA
030415,APURIMAC,AYMARAES,TINTAY,TINTAY
030416,APURIMAC,AYMARAES,TORAYA,TORAYA
030417,APURIMAC,AYMARAES,YANACA,YANACA
030501,APURIMAC,COTABAMBAS,TAMBOBAMBA,TAMBOBAMBA
030502,APURIMAC,COTABAMBAS,COTABAMBAS,COTABAMBAS
030503,APURIMAC,COTABAMBAS,COYLLURQUI,COYLLURQUI
030504,APURIMAC,COTABAMBAS,HAQUIRA,HAQUIRA
030505,APURIMAC,COTABAMBAS,MARA,MARA
030506,APURIMAC,COTABAMBAS,CHALLHUAHUACHO,CHALLHUAHUACHO
030601,APURIMAC,CHINCHEROS,CHINCHEROS,CHINCHEROS
030602,APURIMAC,CHINCHEROS,ANCO_HUALLO,URIPA
030603,APURIMAC,CHINCHEROS,COCHARCAS,COCHARCAS
030604,APURIMAC,CHINCHEROS,HUACCANA,HUACCANA
030605,APURIMAC,CHINCHEROS,OCOBAMBA,OCOBAMBA
030606,APURIMAC,CHINCHEROS,ONGOY,ONGOY
030607,APURIMAC,CHINCHEROS,URANMARCA,URANMARCA
030608,APURIMAC,CHINCHEROS,RANRACANCHA,RANRACANCHA
030609,APURIMAC,CHINCHEROS,ROCCHACC,ROCCHACC
030610,APURIMAC,CHINCHEROS,EL PORVENIR,SAN PEDRO HUAMBURQUE
030611,APURIMAC,CHINCHEROS,LOS CHANKAS,RIO BLANCO
030701,APURIMAC,GRAU,CHUQUIBAMBILLA,CHUQUIBAMBILLA
030702,APURIMAC,GRAU,CURPAHUASI,CURPAHUASI
030703,APURIMAC,GRAU,GAMARRA,PALPACACHI
030704,APURIMAC,GRAU,HUAYLLATI,HUAYLLATI
030705,APURIMAC,GRAU,MAMARA,MAMARA
030706,APURIMAC,GRAU,MICAELA BASTIDAS,AYRIHUANCA
030707,APURIMAC,GRAU,PATAYPAMPA,PATAYPAMPA
030708,APURIMAC,GRAU,PROGRESO,PROGRESO
030709,APURIMAC,GRAU,SAN ANTONIO,SAN ANTONIO
030710,APURIMAC,GRAU,SANTA ROSA,SANTA ROSA
030711,APURIMAC,GRAU,TURPAY,TURPAY
030712,APURIMAC,GRAU,VILCABAMBA,VILCABAMBA
030713,APURIMAC,GRAU,VIRUNDO,SAN JUAN DE VIRUNDO
030714,APURIMAC,GRAU,CURASCO,CURASCO
040101,AREQUIPA,AREQUIPA,AREQUIPA,AREQUIPA
040102,AREQUIPA,AREQUIPA,ALTO SELVA ALEGRE,SELVA ALEGRE
040103,AREQUIPA,AREQUIPA,CAYMA,CAYMA
040104,AREQUIPA,AREQUIPA,CERRO COLORADO,LA LIBERTAD
040105,AREQUIPA,AREQUIPA,CHARACATO,CHARACATO
040106,AREQUIPA,AREQUIPA,CHIGUATA,CHIGUATA
040107,AREQUIPA,AREQUIPA,JACOBO HUNTER,JACOBO HUNTER
040108,AREQUIPA,AREQUIPA,LA JOYA,LA JOYA
040109,AREQUIPA,AREQUIPA,MARIANO MELGAR,MARIANO MELGAR
040110,AREQUIPA,AREQUIPA,MIRAFLORES,MIRAFLORES
040111,AREQUIPA,AREQUIPA,MOLLEBAYA,MOLLEBAYA
040112,AREQUIPA,AREQUIPA,PAUCARPATA,PAUCARPATA
040113,AREQUIPA,AREQUIPA,POCSI,POCSI
040114,AREQUIPA,AREQUIPA,POLOBAYA,POLOBAYA GRANDE
040115,AREQUIPA,AREQUIPA,QUEQUEÑA,QUEQUEÑA
040116,AREQUIPA,AREQUIPA,SABANDIA,SABANDIA
040117,AREQUIPA,AREQUIPA,SACHACA,SACHACA
040118,AREQUIPA,AREQUIPA,SAN JUAN DE SIGUAS,SAN JUAN DE SIGUAS /2
040119,AREQUIPA,AREQUIPA,SAN JUAN DE TARUCANI,TARUCANI
040120,AREQUIPA,AREQUIPA,SANTA ISABEL DE SIGUAS,SANTA ISABEL DE SIGUAS
040121,AREQUIPA,AREQUIPA,SANTA RITA DE SIGUAS,SANTA RITA DE SIGUAS
040122,AREQUIPA,AREQUIPA,SOCABAYA,SOCABAYA
040123,AREQUIPA,AREQUIPA,TIABAYA,TIABAYA
040124,AREQUIPA,AREQUIPA,UCHUMAYO,UCHUMAYO
040125,AREQUIPA,AREQUIPA,VITOR,VITOR
040126,AREQUIPA,AREQUIPA,YANAHUARA,YANAHUARA
040127,AREQUIPA,AREQUIPA,YARABAMBA,YARABAMBA
040128,AREQUIPA,AREQUIPA,YURA,YURA
040129,AREQUIPA,AREQUIPA,JOSE LUIS BUSTAMANTE Y RIVERO,CIUDAD SATELITE
040201,AREQUIPA,CAMANA,CAMANA,CAMANA
040202,AREQUIPA,CAMANA,JOSE MARIA QUIMPER,EL CARDO
040203,AREQUIPA,CAMANA,MARIANO NICOLAS VALCARCEL,URASQUI
040204,AREQUIPA,CAMANA,MARISCAL CACERES,SAN JOSE
040205,AREQUIPA,CAMANA,NICOLAS DE PIEROLA,SAN GREGORIO
040206,AREQUIPA,CAMANA,OCOÑA,OCOÑA
040207,AREQUIPA,CAMANA,QUILCA,QUILCA
040208,AREQUIPA,CAMANA,SAMUEL PASTOR,LA PAMPA
040301,AREQUIPA,CARAVELI,CARAVELI,CARAVELI
040302,AREQUIPA,CARAVELI,ACARI,ACARI
040303,AREQUIPA,CARAVELI,ATICO,ATICO
040304,AREQUIPA,CARAVELI,ATIQUIPA,ATIQUIPA
040305,AREQUIPA,CARAVELI,BELLA UNION,BELLA UNION
040306,AREQUIPA,CARAVELI,CAHUACHO,CAHUACHO
040307,AREQUIPA,CARAVELI,CHALA,CHALA
040308,AREQUIPA,CARAVELI,CHAPARRA,ACHANIZO
040309,AREQUIPA,CARAVELI,HUANUHUANU,TOCOTA
040310,AREQUIPA,CARAVELI,JAQUI,JAQUI
040311,AREQUIPA,CARAVELI,LOMAS,LOMAS
040312,AREQUIPA,CARAVELI,QUICACHA,QUICACHA
040313,AREQUIPA,CARAVELI,YAUCA,YAUCA
040401,AREQUIPA,CASTILLA,APLAO,APLAO
040402,AREQUIPA,CASTILLA,ANDAGUA,ANDAGUA
040403,AREQUIPA,CASTILLA,AYO,AYO
040404,AREQUIPA,CASTILLA,CHACHAS,CHACHAS
040405,AREQUIPA,CASTILLA,CHILCAYMARCA,CHILCAYMARCA
040406,AREQUIPA,CASTILLA,CHOCO,CHOCO
040407,AREQUIPA,CASTILLA,HUANCARQUI,HUANCARQUI
040408,AREQUIPA,CASTILLA,MACHAGUAY,MACHAGUAY
040409,AREQUIPA,CASTILLA,ORCOPAMPA,ORCOPAMPA
040410,AREQUIPA,CASTILLA,PAMPACOLCA,PAMPACOLCA
040411,AREQUIPA,CASTILLA,TIPAN,TIPAN
040412,AREQUIPA,CASTILLA,UÑON,UÑON
040413,AREQUIPA,CASTILLA,URACA,CORIRI
040414,AREQUIPA,CASTILLA,VIRACO,VIRACO
040501,AREQUIPA,CAYLLOMA,CHIVAY,CHIVAY
040502,AREQUIPA,CAYLLOMA,ACHOMA,ACHOMA
040503,AREQUIPA,CAYLLOMA,CABANACONDE,CABANACONDE
040504,AREQUIPA,CAYLLOMA,CALLALLI,CALLALLI
040505,AREQUIPA,CAYLLOMA,CAYLLOMA,CAYLLOMA
040506,AREQUIPA,CAYLLOMA,COPORAQUE,COPORAQUE
040507,AREQUIPA,CAYLLOMA,HUAMBO,HUAMBO
040508,AREQUIPA,CAYLLOMA,HUANCA,HUANCA
040509,AREQUIPA,CAYLLOMA,ICHUPAMPA,ICHUPAMPA
040510,AREQUIPA,CAYLLOMA,LARI,LARI
040511,AREQUIPA,CAYLLOMA,LLUTA,LLUTA
040512,AREQUIPA,CAYLLOMA,MACA,MACA
040513,AREQUIPA,CAYLLOMA,MADRIGAL,MADRIGAL
040514,AREQUIPA,CAYLLOMA,SAN ANTONIO DE CHUCA,SAN ANTONIO DE CHUCA /3
040515,AREQUIPA,CAYLLOMA,SIBAYO,SIBAYO
040516,AREQUIPA,CAYLLOMA,TAPAY,TAPAY
040517,AREQUIPA,CAYLLOMA,TISCO,TISCO
040518,AREQUIPA,CAYLLOMA,TUTI,TUTI
040519,AREQUIPA,CAYLLOMA,YANQUE,YANQUE
040520,AREQUIPA,CAYLLOMA,MAJES,EL PEDREGAL
040601,AREQUIPA,CONDESUYOS,CHUQUIBAMBA,CHUQUIBAMBA
040602,AREQUIPA,CONDESUYOS,ANDARAY,ANDARAY
040603,AREQUIPA,CONDESUYOS,CAYARANI,CAYARANI
040604,AREQUIPA,CONDESUYOS,CHICHAS,CHICHAS
040605,AREQUIPA,CONDESUYOS,IRAY,IRAY
040606,AREQUIPA,CONDESUYOS,RIO GRANDE,IQUIPI
040607,AREQUIPA,CONDESUYOS,SALAMANCA,SALAMANCA
040608,AREQUIPA,CONDESUYOS,YANAQUIHUA,YANAQUIHUA
040701,AREQUIPA,ISLAY,MOLLENDO,MOLLENDO
040702,AREQUIPA,ISLAY,COCACHACRA,COCACHACRA
040703,AREQUIPA,ISLAY,DEAN VALDIVIA,LA CURVA
040704,AREQUIPA,ISLAY,ISLAY,ISLAY (MATARANI)
040705,AREQUIPA,ISLAY,MEJIA,MEJIA
040706,AREQUIPA,ISLAY,PUNTA DE BOMBON,PUNTA DE BOMBON
040801,AREQUIPA,LA UNION,COTAHUASI,COTAHUASI
040802,AREQUIPA,LA UNION,ALCA,ALCA
040803,AREQUIPA,LA UNION,CHARCANA,CHARCANA
040804,AREQUIPA,LA UNION,HUAYNACOTAS,TAURISMA
040805,AREQUIPA,LA UNION,PAMPAMARCA,MUNGUI
040806,AREQUIPA,LA UNION,PUYCA,PUYCA
040807,AREQUIPA,LA UNION,QUECHUALLA,VELINGA
040808,AREQUIPA,LA UNION,SAYLA,SAYLA
040809,AREQUIPA,LA UNION,TAURIA,TAURIA
040810,AREQUIPA,LA UNION,TOMEPAMPA,TOMEPAMPA
040811,AREQUIPA,LA UNION,TORO,TORO
050101,AYACUCHO,HUAMANGA,AYACUCHO,AYACUCHO
050102,AYACUCHO,HUAMANGA,ACOCRO,ACOCRO
050103,AYACUCHO,HUAMANGA,ACOS VINCHOS,ACOS VINCHOS
050104,AYACUCHO,HUAMANGA,CARMEN ALTO,CARMEN ALTO
050105,AYACUCHO,HUAMANGA,CHIARA,CHIARA
050106,AYACUCHO,HUAMANGA,OCROS,OCROS
050107,AYACUCHO,HUAMANGA,PACAYCASA,PACAYCASA
050108,AYACUCHO,HUAMANGA,QUINUA,QUINUA
050109,AYACUCHO,HUAMANGA,SAN JOSE DE TICLLAS,TICLLAS
050110,AYACUCHO,HUAMANGA,SAN JUAN BAUTISTA,SAN JUAN BAUTISTA
050111,AYACUCHO,HUAMANGA,SANTIAGO DE PISCHA,SAN PEDRO DE CACHI
050112,AYACUCHO,HUAMANGA,SOCOS,SOCOS
050113,AYACUCHO,HUAMANGA,TAMBILLO,TAMBILLO
050114,AYACUCHO,HUAMANGA,VINCHOS,VINCHOS
050115,AYACUCHO,HUAMANGA,JESUS NAZARENO,LAS NAZARENAS
050116,AYACUCHO,HUAMANGA,ANDRES AVELINO CACERES DORREGARAY,JARDIN
050201,AYACUCHO,CANGALLO,CANGALLO,CANGALLO
050202,AYACUCHO,CANGALLO,CHUSCHI,CHUSCHI
050203,AYACUCHO,CANGALLO,LOS MOROCHUCOS,PAMPA-CANGALLO
050204,AYACUCHO,CANGALLO,MARIA PARADO DE BELLIDO,POMABAMBA
050205,AYACUCHO,CANGALLO,PARAS,PARAS
050206,AYACUCHO,CANGALLO,TOTOS,TOTOS
050301,AYACUCHO,HUANCA SANCOS,SANCOS,HUANCA SANCOS
050302,AYACUCHO,HUANCA SANCOS,CARAPO,CARAPO
050303,AYACUCHO,HUANCA SANCOS,SACSAMARCA,SACSAMARCA
050304,AYACUCHO,HUANCA SANCOS,SANTIAGO DE LUCANAMARCA,SANTIAGO DE LUCANAMARCA
050401,AYACUCHO,HUANTA,HUANTA,HUANTA
050402,AYACUCHO,HUANTA,AYAHUANCO,VIRACOCHAN
050403,AYACUCHO,HUANTA,HUAMANGUILLA,HUAMANGUILLA
050404,AYACUCHO,HUANTA,IGUAIN,MACACHACRA
050405,AYACUCHO,HUANTA,LURICOCHA,LURICOCHA
050406,AYACUCHO,HUANTA,SANTILLANA,SAN JOSE DE SECCE
050407,AYACUCHO,HUANTA,SIVIA,SIVIA
050408,AYACUCHO,HUANTA,LLOCHEGUA,LLOCHEGUA
050409,AYACUCHO,HUANTA,CANAYRE,CANAYRE
050410,AYACUCHO,HUANTA,UCHURACCAY,HUAYNACANCHA
050411,AYACUCHO,HUANTA,PUCACOLPA,HUALLHUA
050412,AYACUCHO,HUANTA,CHACA,CHACA
050501,AYACUCHO,LA MAR,SAN MIGUEL,SAN MIGUEL
050502,AYACUCHO,LA MAR,ANCO,CHIQUINTIRCA
050503,AYACUCHO,LA MAR,AYNA,SAN FRANCISCO
050504,AYACUCHO,LA MAR,CHILCAS,CHILCAS
050505,AYACUCHO,LA MAR,CHUNGUI,CHUNGUI
050506,AYACUCHO,LA MAR,LUIS CARRANZA,PAMPAS
050507,AYACUCHO,LA MAR,SANTA ROSA,SANTA ROSA
050508,AYACUCHO,LA MAR,TAMBO,TAMBO
050509,AYACUCHO,LA MAR,SAMUGARI,PALMAPAMPA
050510,AYACUCHO,LA MAR,ANCHIHUAY,ANCHIHUAY
050511,AYACUCHO,LA MAR,ORONCCOY,ORONCCOY
050601,AYACUCHO,LUCANAS,PUQUIO,PUQUIO
050602,AYACUCHO,LUCANAS,AUCARA,AUCARA
050603,AYACUCHO,LUCANAS,CABANA,CABANA
050604,AYACUCHO,LUCANAS,CARMEN SALCEDO,ANDAMARCA
050605,AYACUCHO,LUCANAS,CHAVIÑA,CHAVIÑA
050606,AYACUCHO,LUCANAS,CHIPAO,CHIPAO
050607,AYACUCHO,LUCANAS,HUAC-HUAS,HUAC-HUAS
050608,AYACUCHO,LUCANAS,LARAMATE,LARAMATE
050609,AYACUCHO,LUCANAS,LEONCIO PRADO,TAMBO QUEMADO
050610,AYACUCHO,LUCANAS,LLAUTA,LLAUTA
050611,AYACUCHO,LUCANAS,LUCANAS,LUCANAS
050612,AYACUCHO,LUCANAS,OCAÑA,OCAÑA
050613,AYACUCHO,LUCANAS,OTOCA,OTOCA
050614,AYACUCHO,LUCANAS,SAISA,SAISA
050615,AYACUCHO,LUCANAS,SAN CRISTOBAL,SAN CRISTOBAL
050616,AYACUCHO,LUCANAS,SAN JUAN,SAN JUAN
050617,AYACUCHO,LUCANAS,SAN PEDRO,SAN PEDRO
050618,AYACUCHO,LUCANAS,SAN PEDRO DE PALCO,SAN PEDRO DE PALCO
050619,AYACUCHO,LUCANAS,SANCOS,SANCOS
050620,AYACUCHO,LUCANAS,SANTA ANA DE HUAYCAHUACHO,SANTA ANA DE HUAYCAHUACHO
050621,AYACUCHO,LUCANAS,SANTA LUCIA,SANTA LUCIA
050701,AYACUCHO,PARINACOCHAS,CORACORA,CORACORA
050702,AYACUCHO,PARINACOCHAS,CHUMPI,CHUMPI
050703,AYACUCHO,PARINACOCHAS,CORONEL CASTAÑEDA,ANISO
050704,AYACUCHO,PARINACOCHAS,PACAPAUSA,PACAPAUSA
050705,AYACUCHO,PARINACOCHAS,PULLO,PULLO
050706,AYACUCHO,PARINACOCHAS,PUYUSCA,INCUYO
050707,AYACUCHO,PARINACOCHAS,SAN FRANCISCO DE RAVACAYCO,SAN FRANCISCO DE RAVACAYCO
050708,AYACUCHO,PARINACOCHAS,UPAHUACHO,UPAHUACHO
050801,AYACUCHO,PAUCAR DEL SARA SARA,PAUSA,PAUSA
050802,AYACUCHO,PAUCAR DEL SARA SARA,COLTA,COLTA
050803,AYACUCHO,PAUCAR DEL SARA SARA,CORCULLA,CORCULLA
050804,AYACUCHO,PAUCAR DEL SARA SARA,LAMPA,LAMPA
050805,AYACUCHO,PAUCAR DEL SARA SARA,MARCABAMBA,MARCABAMBA
050806,AYACUCHO,PAUCAR DEL SARA SARA,OYOLO,OYOLO
050807,AYACUCHO,PAUCAR DEL SARA SARA,PARARCA,PARARCA
050808,AYACUCHO,PAUCAR DEL SARA SARA,SAN JAVIER DE ALPABAMBA,SAN JAVIER DE ALPABAMBA
050809,AYACUCHO,PAUCAR DEL SARA SARA,SAN JOSE DE USHUA,SAN JOSE DE USHUA
050810,AYACUCHO,PAUCAR DEL SARA SARA,SARA SARA,QUILCATA
050901,AYACUCHO,SUCRE,QUEROBAMBA,QUEROBAMBA
050902,AYACUCHO,SUCRE,BELEN,BELEN
050903,AYACUCHO,SUCRE,CHALCOS,CHALCOS
050904,AYACUCHO,SUCRE,CHILCAYOC,CHILCAYOC
050905,AYACUCHO,SUCRE,HUACAÑA,HUACAÑA
050906,AYACUCHO,SUCRE,MORCOLLA,MORCOLLA
050907,AYACUCHO,SUCRE,PAICO,PAICO
050908,AYACUCHO,SUCRE,SAN PEDRO DE LARCAY,SAN PEDRO DE LARCAY
050909,AYACUCHO,SUCRE,SAN SALVADOR DE QUIJE,SAN SALVADOR DE QUIJE
050910,AYACUCHO,SUCRE,SANTIAGO DE PAUCARAY,SANTIAGO DE PAUCARAY
050911,AYACUCHO,SUCRE,SORAS,SORAS
051001,AYACUCHO,VICTOR FAJARDO,HUANCAPI,HUANCAPI
051002,AYACUCHO,VICTOR FAJARDO,ALCAMENCA,ALCAMENCA
051003,AYACUCHO,VICTOR FAJARDO,APONGO,APONGO
051004,AYACUCHO,VICTOR FAJARDO,ASQUIPATA,ASQUIPATA
051005,AYACUCHO,VICTOR FAJARDO,CANARIA,CANARIA
051006,AYACUCHO,VICTOR FAJARDO,CAYARA,CAYARA
051007,AYACUCHO,VICTOR FAJARDO,COLCA,COLCA
051008,AYACUCHO,VICTOR FAJARDO,HUAMANQUIQUIA,HUAMANQUIQUIA
051009,AYACUCHO,VICTOR FAJARDO,HUANCARAYLLA,HUANCARAYLLA
051010,AYACUCHO,VICTOR FAJARDO,HUALLA,SAN PEDRO DE HUALLA
051011,AYACUCHO,VICTOR FAJARDO,SARHUA,SARHUA
051012,AYACUCHO,VICTOR FAJARDO,VILCANCHOS,VILCANCHOS
051101,AYACUCHO,VILCAS HUAMAN,VILCAS HUAMAN,VILCAS HUAMAN
051102,AYACUCHO,VILCAS HUAMAN,ACCOMARCA,ACCOMARCA
051103,AYACUCHO,VILCAS HUAMAN,CARHUANCA,CARHUANCA
051104,AYACUCHO,VILCAS HUAMAN,CONCEPCION,CONCEPCION
051105,AYACUCHO,VILCAS HUAMAN,HUAMBALPA,HUAMBALPA
051106,AYACUCHO,VILCAS HUAMAN,INDEPENDENCIA,PACCHA HUALLHUA /4
051107,AYACUCHO,VILCAS HUAMAN,SAURAMA,SAURAMA
051108,AYACUCHO,VILCAS HUAMAN,VISCHONGO,VISCHONGO
060101,CAJAMARCA,CAJAMARCA,CAJAMARCA,CAJAMARCA
060102,CAJAMARCA,CAJAMARCA,ASUNCION,ASUNCION
060103,CAJAMARCA,CAJAMARCA,CHETILLA,CHETILLA
060104,CAJAMARCA,CAJAMARCA,COSPAN,COSPAN
060105,CAJAMARCA,CAJAMARCA,ENCAÑADA,ENCAÑADA
060106,CAJAMARCA,CAJAMARCA,JESUS,JESUS
060107,CAJAMARCA,CAJAMARCA,LLACANORA,LLACANORA
060108,CAJAMARCA,CAJAMARCA,LOS BAÑOS DEL INCA,LOS BAÑOS DEL INCA
060109,CAJAMARCA,CAJAMARCA,MAGDALENA,MAGDALENA
060110,CAJAMARCA,CAJAMARCA,MATARA,MATARA
060111,CAJAMARCA,CAJAMARCA,NAMORA,NAMORA
060112,CAJAMARCA,CAJAMARCA,SAN JUAN,SAN JUAN
060201,CAJAMARCA,CAJABAMBA,CAJABAMBA,CAJABAMBA
060202,CAJAMARCA,CAJABAMBA,CACHACHI,CACHACHI
060203,CAJAMARCA,CAJABAMBA,CONDEBAMBA,CAUDAY
060204,CAJAMARCA,CAJABAMBA,SITACOCHA,LLUCHUBAMBA
060301,CAJAMARCA,CELENDIN,CELENDIN,CELENDIN
060302,CAJAMARCA,CELENDIN,CHUMUCH,CHUMUCH
060303,CAJAMARCA,CELENDIN,CORTEGANA,CHIMUCH (CORTEGANA)
060304,CAJAMARCA,CELENDIN,HUASMIN,HUASMIN
060305,CAJAMARCA,CELENDIN,JORGE CHAVEZ,LUCMAPAMPA
060306,CAJAMARCA,CELENDIN,JOSE GALVEZ,HUACAPAMPA
060307,CAJAMARCA,CELENDIN,MIGUEL IGLESIAS,CHALAN
060308,CAJAMARCA,CELENDIN,OXAMARCA,OXAMARCA
060309,CAJAMARCA,CELENDIN,SOROCHUCO,SOROCHUCO
060310,CAJAMARCA,CELENDIN,SUCRE,SUCRE
060311,CAJAMARCA,CELENDIN,UTCO,UTCO
060312,CAJAMARCA,CELENDIN,LA LIBERTAD DE PALLAN,LA LIBERTAD DE PALLAN
060401,CAJAMARCA,CHOTA,CHOTA,CHOTA
060402,CAJAMARCA,CHOTA,ANGUIA,ANGUIA
060403,CAJAMARCA,CHOTA,CHADIN,CHADIN
060404,CAJAMARCA,CHOTA,CHIGUIRIP,CHIGUIRIP
060405,CAJAMARCA,CHOTA,CHIMBAN,CHIMBAN
060406,CAJAMARCA,CHOTA,CHOROPAMPA,CHOROPAMPA
060407,CAJAMARCA,CHOTA,COCHABAMBA,COCHABAMBA
060408,CAJAMARCA,CHOTA,CONCHAN,CONCHAN
060409,CAJAMARCA,CHOTA,HUAMBOS,HUAMBOS
060410,CAJAMARCA,CHOTA,LAJAS,LAJAS
060411,CAJAMARCA,CHOTA,LLAMA,LLAMA
060412,CAJAMARCA,CHOTA,MIRACOSTA,MIRACOSTA
060413,CAJAMARCA,CHOTA,PACCHA,PACCHA
060414,CAJAMARCA,CHOTA,PION,PION
060415,CAJAMARCA,CHOTA,QUEROCOTO,QUEROCOTO
060416,CAJAMARCA,CHOTA,SAN JUAN DE LICUPIS,LICUPIS
060417,CAJAMARCA,CHOTA,TACABAMBA,TACABAMBA
060418,CAJAMARCA,CHOTA,TOCMOCHE,TOCMOCHE
060419,CAJAMARCA,CHOTA,CHALAMARCA,CHALAMARCA
060501,CAJAMARCA,CONTUMAZA,CONTUMAZA,CONTUMAZA
060502,CAJAMARCA,CONTUMAZA,CHILETE,CHILETE
060503,CAJAMARCA,CONTUMAZA,CUPISNIQUE,TRINIDAD
060504,CAJAMARCA,CONTUMAZA,GUZMANGO,GUZMANGO
060505,CAJAMARCA,CONTUMAZA,SAN BENITO,SAN BENITO
060506,CAJAMARCA,CONTUMAZA,SANTA CRUZ DE TOLED,SANTA CRUZ DE TOLED
060507,CAJAMARCA,CONTUMAZA,TANTARICA,CATAN
060508,CAJAMARCA,CONTUMAZA,YONAN,TEMBLADERA
060601,CAJAMARCA,CUTERVO,CUTERVO,CUTERVO
060602,CAJAMARCA,CUTERVO,CALLAYUC,CALLAYUC
060603,CAJAMARCA,CUTERVO,CHOROS,CHOROS
060604,CAJAMARCA,CUTERVO,CUJILLO,CUJILLO
060605,CAJAMARCA,CUTERVO,LA RAMADA,LA RAMADA
060606,CAJAMARCA,CUTERVO,PIMPINGOS,PIMPINGOS
060607,CAJAMARCA,CUTERVO,QUEROCOTILLO,QUEROCOTILLO
060608,CAJAMARCA,CUTERVO,SAN ANDRES DE CUTERVO,SAN ANDRES DE CUTERVO
060609,CAJAMARCA,CUTERVO,SAN JUAN DE CUTERVO,SAN JUAN DE CUTERVO
060610,CAJAMARCA,CUTERVO,SAN LUIS DE LUCMA,SAN LUIS DE LUCMA
060611,CAJAMARCA,CUTERVO,SANTA CRUZ,SANTA CRUZ
060612,CAJAMARCA,CUTERVO,SANTO DOMINGO DE LA CAPILLA,SANTO DOMINGO DE LA CAPILLA
060613,CAJAMARCA,CUTERVO,SANTO TOMAS,SANTO TOMAS
060614,CAJAMARCA,CUTERVO,SOCOTA,SOCOTA
060615,CAJAMARCA,CUTERVO,TORIBIO CASANOVA,LA SACILIA
060701,CAJAMARCA,HUALGAYOC,BAMBAMARCA,BAMBAMARCA
060702,CAJAMARCA,HUALGAYOC,CHUGUR,CHUGUR
060703,CAJAMARCA,HUALGAYOC,HUALGAYOC,HUALGAYOC
060801,CAJAMARCA,JAEN,JAEN,JAEN
060802,CAJAMARCA,JAEN,BELLAVISTA,BELLAVISTA
060803,CAJAMARCA,JAEN,CHONTALI,CHONTALI
060804,CAJAMARCA,JAEN,COLASAY,COLASAY
060805,CAJAMARCA,JAEN,HUABAL,HUABAL
060806,CAJAMARCA,JAEN,LAS PIRIAS,LAS PIRIAS
060807,CAJAMARCA,JAEN,POMAHUACA,POMAHUACA
060808,CAJAMARCA,JAEN,PUCARA,PUCARA
060809,CAJAMARCA,JAEN,SALLIQUE,SALLIQUE
060810,CAJAMARCA,JAEN,SAN FELIPE,SAN FELIPE
060811,CAJAMARCA,JAEN,SAN JOSE DEL ALTO,SAN JOSE DEL ALTO
060812,CAJAMARCA,JAEN,SANTA ROSA,SANTA ROSA
060901,CAJAMARCA,SAN IGNACIO,SAN IGNACIO,SAN IGNACIO
060902,CAJAMARCA,SAN IGNACIO,CHIRINOS,CHIRINOS
060903,CAJAMARCA,SAN IGNACIO,HUARANGO,HUARANGO
060904,CAJAMARCA,SAN IGNACIO,LA COIPA,LA COIPA
060905,CAJAMARCA,SAN IGNACIO,NAMBALLE,NAMBALLE
060906,CAJAMARCA,SAN IGNACIO,SAN JOSE DE LOURDES,SAN JOSE DE LOURDES
060907,CAJAMARCA,SAN IGNACIO,TABACONAS,TABACONAS
061001,CAJAMARCA,SAN MARCOS,PEDRO GALVEZ,SAN MARCOS
061002,CAJAMARCA,SAN MARCOS,CHANCAY,CHANCAY
061003,CAJAMARCA,SAN MARCOS,EDUARDO VILLANUEVA,LA GRAMA
061004,CAJAMARCA,SAN MARCOS,GREGORIO PITA,PAUCAMARCA
061005,CAJAMARCA,SAN MARCOS,ICHOCAN,ICHOCAN
061006,CAJAMARCA,SAN MARCOS,JOSE MANUEL QUIROZ,SHIRAC
061007,CAJAMARCA,SAN MARCOS,JOSE SABOGAL,VENECIA
061101,CAJAMARCA,SAN MIGUEL,SAN MIGUEL,SAN MIGUEL DE PALLAQUES
061102,CAJAMARCA,SAN MIGUEL,BOLIVAR,BOLIVAR
061103,CAJAMARCA,SAN MIGUEL,CALQUIS,CALQUIS
061104,CAJAMARCA,SAN MIGUEL,CATILLUC,CATILLUC
061105,CAJAMARCA,SAN MIGUEL,EL PRADO,EL PRADO
061106,CAJAMARCA,SAN MIGUEL,LA FLORIDA,LA FLORIDA
061107,CAJAMARCA,SAN MIGUEL,LLAPA,LLAPA
061108,CAJAMARCA,SAN MIGUEL,NANCHOC,NANCHOC
061109,CAJAMARCA,SAN MIGUEL,NIEPOS,NIEPOS
061110,CAJAMARCA,SAN MIGUEL,SAN GREGORIO,SAN GREGORIO
061111,CAJAMARCA,SAN MIGUEL,SAN SILVESTRE DE COCHAN,SAN SILVESTRE DE COCHAN
061112,CAJAMARCA,SAN MIGUEL,TONGOD,TONGOD
061113,CAJAMARCA,SAN MIGUEL,UNION AGUA BLANCA,AGUA BLANCA
061201,CAJAMARCA,SAN PABLO,SAN PABLO,SAN PABLO
061202,CAJAMARCA,SAN PABLO,SAN BERNARDINO,SAN BERNARDINO
061203,CAJAMARCA,SAN PABLO,SAN LUIS,SAN LUIS GRANDE
061204,CAJAMARCA,SAN PABLO,TUMBADEN,TUMBADEN
061301,CAJAMARCA,SANTA CRUZ,SANTA CRUZ,SANTA CRUZ DE SUCCHABAMBA
061302,CAJAMARCA,SANTA CRUZ,ANDABAMBA,ANDABAMBA
061303,CAJAMARCA,SANTA CRUZ,CATACHE,CATACHE
061304,CAJAMARCA,SANTA CRUZ,CHANCAYBAÑOS,CHANCAYBAÑOS
061305,CAJAMARCA,SANTA CRUZ,LA ESPERANZA,LA ESPERANZA
061306,CAJAMARCA,SANTA CRUZ,NINABAMBA,NINABAMBA
061307,CAJAMARCA,SANTA CRUZ,PULAN,PULAN
061308,CAJAMARCA,SANTA CRUZ,SAUCEPAMPA,SAUCEPAMPA
061309,CAJAMARCA,SANTA CRUZ,SEXI,SEXI
061310,CAJAMARCA,SANTA CRUZ,UTICYACU,UTICYACU
061311,CAJAMARCA,SANTA CRUZ,YAUYUCAN,YAUYUCAN
070101,CALLAO,CALLAO,CALLAO,CALLAO
070102,CALLAO,CALLAO,BELLAVISTA,BELLAVISTA
070103,CALLAO,CALLAO,CARMEN DE LA LEGUA REYNOSO,CARMEN DE LA LEGUA REYNOSO
070104,CALLAO,CALLAO,LA PERLA,LA PERLA
070105,CALLAO,CALLAO,LA PUNTA,LA PUNTA
070106,CALLAO,CALLAO,VENTANILLA,VENTANILLA
070107,CALLAO,CALLAO,MI PERU,MI PERU
080101,CUSCO,CUSCO,CUSCO,CUSCO
080102,CUSCO,CUSCO,CCORCA,CCORCA
080103,CUSCO,CUSCO,POROY,POROY
080104,CUSCO,CUSCO,SAN JERONIMO,SAN JERONIMO
080105,CUSCO,CUSCO,SAN SEBASTIAN,SAN SEBASTIAN
080106,CUSCO,CUSCO,SANTIAGO,SANTIAGO
080107,CUSCO,CUSCO,SAYLLA,SAYLLA
080108,CUSCO,CUSCO,WANCHAQ,WANCHAQ
080201,CUSCO,ACOMAYO,ACOMAYO,ACOMAYO
080202,CUSCO,ACOMAYO,ACOPIA,ACOPIA
080203,CUSCO,ACOMAYO,ACOS,ACOS
080204,CUSCO,ACOMAYO,MOSOC LLACTA,MOSOC LLACTA
080205,CUSCO,ACOMAYO,POMACANCHI,POMACANCHI
080206,CUSCO,ACOMAYO,RONDOCAN,RONDOCAN
080207,CUSCO,ACOMAYO,SANGARARA,SANGARARA
080301,CUSCO,ANTA,ANTA,ANTA
080302,CUSCO,ANTA,ANCAHUASI,ANCAHUASI
080303,CUSCO,ANTA,CACHIMAYO,CACHIMAYO
080304,CUSCO,ANTA,CHINCHAYPUJIO,CHINCHAYPUJIO
080305,CUSCO,ANTA,HUAROCONDO,HUAROCONDO
080306,CUSCO,ANTA,LIMATAMBO,LIMATAMBO
080307,CUSCO,ANTA,MOLLEPATA,MOLLEPATA
080308,CUSCO,ANTA,PUCYURA,PUCYURA
080309,CUSCO,ANTA,ZURITE,ZURITE
080401,CUSCO,CALCA,CALCA,CALCA
080402,CUSCO,CALCA,COYA,COYA
080403,CUSCO,CALCA,LAMAY,LAMAY
080404,CUSCO,CALCA,LARES,LARES
080405,CUSCO,CALCA,PISAC,PISAC
080406,CUSCO,CALCA,SAN SALVADOR,SAN SALVADOR
080407,CUSCO,CALCA,TARAY,TARAY
080408,CUSCO,CALCA,YANATILE,QUEBRADA HONDA
080501,CUSCO,CANAS,YANAOCA,YANAOCA
080502,CUSCO,CANAS,CHECCA,CHECCA
080503,CUSCO,CANAS,KUNTURKANKI,EL DESCANSO
080504,CUSCO,CANAS,LANGUI,LANGUI
080505,CUSCO,CANAS,LAYO,LAYO
080506,CUSCO,CANAS,PAMPAMARCA,PAMPAMARCA
080507,CUSCO,CANAS,QUEHUE,QUEHUE
080508,CUSCO,CANAS,TUPAC AMARU,TUNGASUCA
080601,CUSCO,CANCHIS,SICUANI,SICUANI
080602,CUSCO,CANCHIS,CHECACUPE,CHECACUPE
080603,CUSCO,CANCHIS,COMBAPATA,COMBAPATA
080604,CUSCO,CANCHIS,MARANGANI,MARANGANI
080605,CUSCO,CANCHIS,PITUMARCA,PITUMARCA
080606,CUSCO,CANCHIS,SAN PABLO,SAN PABLO
080607,CUSCO,CANCHIS,SAN PEDRO,SAN PEDRO
080608,CUSCO,CANCHIS,TINTA,TINTA
080701,CUSCO,CHUMBIVILCAS,SANTO TOMAS,SANTO TOMAS
080702,CUSCO,CHUMBIVILCAS,CAPACMARCA,CAPACMARCA
080703,CUSCO,CHUMBIVILCAS,CHAMACA,CHAMACA
080704,CUSCO,CHUMBIVILCAS,COLQUEMARCA,COLQUEMARCA
080705,CUSCO,CHUMBIVILCAS,LIVITACA,LIVITACA
080706,CUSCO,CHUMBIVILCAS,LLUSCO,LLUSCO
080707,CUSCO,CHUMBIVILCAS,QUIÑOTA,QUIÑOTA
080708,CUSCO,CHUMBIVILCAS,VELILLE,VELILLE
080801,CUSCO,ESPINAR,ESPINAR,YAURI
080802,CUSCO,ESPINAR,CONDOROMA,CONDOROMA
080803,CUSCO,ESPINAR,COPORAQUE,COPORAQUE
080804,CUSCO,ESPINAR,OCORURO,OCORURO
080805,CUSCO,ESPINAR,PALLPATA,HECTOR TEJADA
080806,CUSCO,ESPINAR,PICHIGUA,PICHIGUA
080807,CUSCO,ESPINAR,SUYCKUTAMBO,SUYCKUTAMBO /5
080808,CUSCO,ESPINAR,ALTO PICHIGUA,ACCOCUNCA
080901,CUSCO,LA CONVENCION,SANTA ANA,QUILLABAMBA
080902,CUSCO,LA CONVENCION,ECHARATE,ECHARATE
080903,CUSCO,LA CONVENCION,HUAYOPATA,IPAL /6
080904,CUSCO,LA CONVENCION,MARANURA,MARANURA
080905,CUSCO,LA CONVENCION,OCOBAMBA,OCOBAMBA /7
080906,CUSCO,LA CONVENCION,QUELLOUNO,QUELLOUNO
080907,CUSCO,LA CONVENCION,KIMBIRI,KIMBIRI
080908,CUSCO,LA CONVENCION,SANTA TERESA,SANTA TERESA
080909,CUSCO,LA CONVENCION,VILCABAMBA,LUCMA
080910,CUSCO,LA CONVENCION,PICHARI,PICHARI
080911,CUSCO,LA CONVENCION,INKAWASI,AMAYBAMBA
080912,CUSCO,LA CONVENCION,VILLA VIRGEN,VILLA VIRGEN
080913,CUSCO,LA CONVENCION,VILLA KINTIARINA,VILLA KINTIARINA
080914,CUSCO,LA CONVENCION,MEGANTONI,CAMISEA
081001,CUSCO,PARURO,PARURO,PARURO
081002,CUSCO,PARURO,ACCHA,ACCHA
081003,CUSCO,PARURO,CCAPI,CCAPI
081004,CUSCO,PARURO,COLCHA,COLCHA
081005,CUSCO,PARURO,HUANOQUITE,HUANOQUITE
081006,CUSCO,PARURO,OMACHA,OMACHA
081007,CUSCO,PARURO,PACCARITAMBO,PACCARITAMBO
081008,CUSCO,PARURO,PILLPINTO,PILLPINTO
081009,CUSCO,PARURO,YAURISQUE,YAURISQUE
081101,CUSCO,PAUCARTAMBO,PAUCARTAMBO,PAUCARTAMBO
081102,CUSCO,PAUCARTAMBO,CAICAY,CAICAY
081103,CUSCO,PAUCARTAMBO,CHALLABAMBA,CHALLABAMBA
081104,CUSCO,PAUCARTAMBO,COLQUEPATA,COLQUEPATA
081105,CUSCO,PAUCARTAMBO,HUANCARANI,HUANCARANI
081106,CUSCO,PAUCARTAMBO,KOSÑIPATA,PILLCOPATA
081201,CUSCO,QUISPICANCHI,URCOS,URCOS
081202,CUSCO,QUISPICANCHI,ANDAHUAYLILLAS,ANDAHUAYLILLAS
081203,CUSCO,QUISPICANCHI,CAMANTI,QUINCE MIL
081204,CUSCO,QUISPICANCHI,CCARHUAYO,CCARHUAYO
081205,CUSCO,QUISPICANCHI,CCATCA,CCATCA
081206,CUSCO,QUISPICANCHI,CUSIPATA,CUSIPATA
081207,CUSCO,QUISPICANCHI,HUARO,HUARO
081208,CUSCO,QUISPICANCHI,LUCRE,LUCRE
081209,CUSCO,QUISPICANCHI,MARCAPATA,MARCAPATA
081210,CUSCO,QUISPICANCHI,OCONGATE,OCONGATE
081211,CUSCO,QUISPICANCHI,OROPESA,OROPESA
081212,CUSCO,QUISPICANCHI,QUIQUIJANA,QUIQUIJANA
081301,CUSCO,URUBAMBA,URUBAMBA,URUBAMBA
081302,CUSCO,URUBAMBA,CHINCHERO,CHINCHERO
081303,CUSCO,URUBAMBA,HUAYLLABAMBA,HUAYLLABAMBA
081304,CUSCO,URUBAMBA,MACHUPICCHU,MACHUPICCHU
081305,CUSCO,URUBAMBA,MARAS,MARAS
081306,CUSCO,URUBAMBA,OLLANTAYTAMBO,OLLANTAYTAMBO
081307,CUSCO,URUBAMBA,YUCAY,YUCAY
090101,HUANCAVELICA,HUANCAVELICA,HUANCAVELICA,HUANCAVELICA
090102,HUANCAVELICA,HUANCAVELICA,ACOBAMBILLA,ACOBAMBILLA
090103,HUANCAVELICA,HUANCAVELICA,ACORIA,ACORIA
090104,HUANCAVELICA,HUANCAVELICA,CONAYCA,CONAYCA
090105,HUANCAVELICA,HUANCAVELICA,CUENCA,CUENCA
090106,HUANCAVELICA,HUANCAVELICA,HUACHOCOLPA,HUACHOCOLPA
090107,HUANCAVELICA,HUANCAVELICA,HUAYLLAHUARA,HUAYLLAHUARA
090108,HUANCAVELICA,HUANCAVELICA,IZCUCHACA,IZCUCHACA
090109,HUANCAVELICA,HUANCAVELICA,LARIA,LARIA
090110,HUANCAVELICA,HUANCAVELICA,MANTA,MANTA
090111,HUANCAVELICA,HUANCAVELICA,MARISCAL CACERES,MARISCAL CACERES
090112,HUANCAVELICA,HUANCAVELICA,MOYA,MOYA
090113,HUANCAVELICA,HUANCAVELICA,NUEVO OCCORO,OCCORO
090114,HUANCAVELICA,HUANCAVELICA,PALCA,PALCA
090115,HUANCAVELICA,HUANCAVELICA,PILCHACA,PILCHACA
090116,HUANCAVELICA,HUANCAVELICA,VILCA,VILCA
090117,HUANCAVELICA,HUANCAVELICA,YAULI,YAULI
090118,HUANCAVELICA,HUANCAVELICA,ASCENSION,ASCENSION
090119,HUANCAVELICA,HUANCAVELICA,HUANDO,HUANDO
090201,HUANCAVELICA,ACOBAMBA,ACOBAMBA,ACOBAMBA
090202,HUANCAVELICA,ACOBAMBA,ANDABAMBA,ANDABAMBA
090203,HUANCAVELICA,ACOBAMBA,ANTA,ANTA
090204,HUANCAVELICA,ACOBAMBA,CAJA,CAJA
090205,HUANCAVELICA,ACOBAMBA,MARCAS,MARCAS
090206,HUANCAVELICA,ACOBAMBA,PAUCARA,PAUCARA
090207,HUANCAVELICA,ACOBAMBA,POMACOCHA,POMACOCHA
090208,HUANCAVELICA,ACOBAMBA,ROSARIO,ROSARIO
090301,HUANCAVELICA,ANGARAES,LIRCAY,LIRCAY
090302,HUANCAVELICA,ANGARAES,ANCHONGA,ANCHONGA
090303,HUANCAVELICA,ANGARAES,CALLANMARCA,CALLANMARCA
090304,HUANCAVELICA,ANGARAES,CCOCHACCASA,CCOCHACCASA
090305,HUANCAVELICA,ANGARAES,CHINCHO,CHINCHO
090306,HUANCAVELICA,ANGARAES,CONGALLA,CONGALLA
090307,HUANCAVELICA,ANGARAES,HUANCA-HUANCA,HUANCA-HUANCA
090308,HUANCAVELICA,ANGARAES,HUAYLLAY GRANDE,HUAYLLAY GRANDE
090309,HUANCAVELICA,ANGARAES,JULCAMARCA,JULCAMARCA
090310,HUANCAVELICA,ANGARAES,SAN ANTONIO DE ANTAPARCO,ANTAPARCO
090311,HUANCAVELICA,ANGARAES,SANTO TOMAS DE PATA,SANTO TOMAS DE PATA
090312,HUANCAVELICA,ANGARAES,SECCLLA,SECCLLA
090401,HUANCAVELICA,CASTROVIRREYNA,CASTROVIRREYNA,CASTROVIRREYNA
090402,HUANCAVELICA,CASTROVIRREYNA,ARMA,ARMA
090403,HUANCAVELICA,CASTROVIRREYNA,AURAHUA,AURAHUA
090404,HUANCAVELICA,CASTROVIRREYNA,CAPILLAS,CAPILLAS
090405,HUANCAVELICA,CASTROVIRREYNA,CHUPAMARCA,CHUPAMARCA
090406,HUANCAVELICA,CASTROVIRREYNA,COCAS,COCAS
090407,HUANCAVELICA,CASTROVIRREYNA,HUACHOS,HUACHOS
090408,HUANCAVELICA,CASTROVIRREYNA,HUAMATAMBO,HUAMATAMBO
090409,HUANCAVELICA,CASTROVIRREYNA,MOLLEPAMPA,MOLLEPAMPA
090410,HUANCAVELICA,CASTROVIRREYNA,SAN JUAN,SAN JUAN
090411,HUANCAVELICA,CASTROVIRREYNA,SANTA ANA,SANTA ANA
090412,HUANCAVELICA,CASTROVIRREYNA,TANTARA,TANTARA
090413,HUANCAVELICA,CASTROVIRREYNA,TICRAPO,TICRAPO
090501,HUANCAVELICA,CHURCAMPA,CHURCAMPA,CHURCAMPA
090502,HUANCAVELICA,CHURCAMPA,ANCO,LA ESMERALDA
090503,HUANCAVELICA,CHURCAMPA,CHINCHIHUASI,CHINCHIHUASI
090504,HUANCAVELICA,CHURCAMPA,EL CARMEN,PAUCARBAMBILLA
090505,HUANCAVELICA,CHURCAMPA,LA MERCED,LA MERCED
090506,HUANCAVELICA,CHURCAMPA,LOCROJA,LOCROJA
090507,HUANCAVELICA,CHURCAMPA,PAUCARBAMBA,PAUCARBAMBA
090508,HUANCAVELICA,CHURCAMPA,SAN MIGUEL DE MAYOCC,MAYOCC
090509,HUANCAVELICA,CHURCAMPA,SAN PEDRO DE CORIS,SAN PEDRO DE CORIS
090510,HUANCAVELICA,CHURCAMPA,PACHAMARCA,PACHAMARCA
090511,HUANCAVELICA,CHURCAMPA,COSME,SANTA CLARA DE COSME
090601,HUANCAVELICA,HUAYTARA,HUAYTARA,HUAYTARA
090602,HUANCAVELICA,HUAYTARA,AYAVI,AYAVI
090603,HUANCAVELICA,HUAYTARA,CORDOVA,CORDOVA
090604,HUANCAVELICA,HUAYTARA,HUAYACUNDO ARMA,HUAYACUNDO ARMA
090605,HUANCAVELICA,HUAYTARA,LARAMARCA,LARAMARCA
090606,HUANCAVELICA,HUAYTARA,OCOYO,OCOYO
090607,HUANCAVELICA,HUAYTARA,PILPICHACA,PILPICHACA
090608,HUANCAVELICA,HUAYTARA,QUERCO,QUERCO
090609,HUANCAVELICA,HUAYTARA,QUITO-ARMA,QUITO-ARMA
090610,HUANCAVELICA,HUAYTARA,SAN ANTONIO DE CUSICANCHA,CUSICANCHA
090611,HUANCAVELICA,HUAYTARA,SAN FRANCISCO DE SANGAYAICO,SAN FRANCISCO DE SANGAYAICO
090612,HUANCAVELICA,HUAYTARA,SAN ISIDRO,SAN JUAN DE HUIRPACANCHA
090613,HUANCAVELICA,HUAYTARA,SANTIAGO DE CHOCORVOS,SANTIAGO DE CHOCORVOS
090614,HUANCAVELICA,HUAYTARA,SANTIAGO DE QUIRAHUARA,SANTIAGO DE QUIRAHUARA
090615,HUANCAVELICA,HUAYTARA,SANTO DOMINGO DE CAPILLAS,SANTO DOMINGO DE CAPILLAS
090616,HUANCAVELICA,HUAYTARA,TAMBO,TAMBO
090701,HUANCAVELICA,TAYACAJA,PAMPAS,PAMPAS
090702,HUANCAVELICA,TAYACAJA,ACOSTAMBO,ACOSTAMBO
090703,HUANCAVELICA,TAYACAJA,ACRAQUIA,ACRAQUIA
090704,HUANCAVELICA,TAYACAJA,AHUAYCHA,AHUAYCHA
090705,HUANCAVELICA,TAYACAJA,COLCABAMBA,COLCABAMBA
090706,HUANCAVELICA,TAYACAJA,DANIEL HERNANDEZ,MARISCAL CACERES
090707,HUANCAVELICA,TAYACAJA,HUACHOCOLPA,HUACHOCOLPA
090709,HUANCAVELICA,TAYACAJA,HUARIBAMBA,HUARIBAMBA
090710,HUANCAVELICA,TAYACAJA,ÑAHUIMPUQUIO,ÑAHUIMPUQUIO
090711,HUANCAVELICA,TAYACAJA,PAZOS,PAZOS
090713,HUANCAVELICA,TAYACAJA,QUISHUAR,QUISHUAR
090714,HUANCAVELICA,TAYACAJA,SALCABAMBA,SALCABAMBA
090715,HUANCAVELICA,TAYACAJA,SALCAHUASI,SALCAHUASI
090716,HUANCAVELICA,TAYACAJA,SAN MARCOS DE ROCCHAC,SAN MARCOS DE ROCCHAC
090717,HUANCAVELICA,TAYACAJA,SURCUBAMBA,SURCUBAMBA
090718,HUANCAVELICA,TAYACAJA,TINTAY PUNCU,TINTAY
090719,HUANCAVELICA,TAYACAJA,QUICHUAS,QUICHUAS
090720,HUANCAVELICA,TAYACAJA,ANDAYMARCA,ANDAYMARCA
090721,HUANCAVELICA,TAYACAJA,ROBLE,PUERTO SAN ANTONIO
090722,HUANCAVELICA,TAYACAJA,PICHOS,PICHOS
090723,HUANCAVELICA,TAYACAJA,SANTIAGO DE TUCUMA,SANTIAGO DE TUCUMA
100101,HUANUCO,HUANUCO,HUANUCO,HUANUCO
100102,HUANUCO,HUANUCO,AMARILIS,PAUCARBAMBA
100103,HUANUCO,HUANUCO,CHINCHAO,ACOMAYO
100104,HUANUCO,HUANUCO,CHURUBAMBA,CHURUBAMBA
100105,HUANUCO,HUANUCO,MARGOS,MARGOS
100106,HUANUCO,HUANUCO,QUISQUI (KICHKI),HUANCAPALLAC
100107,HUANUCO,HUANUCO,SAN FRANCISCO DE CAYRAN,CAYRAN
100108,HUANUCO,HUANUCO,SAN PEDRO DE CHAULAN,CHAULAN
100109,HUANUCO,HUANUCO,SANTA MARIA DEL VALLE,SANTA MARIA DEL VALLE
100110,HUANUCO,HUANUCO,YARUMAYO,YARUMAYO
100111,HUANUCO,HUANUCO,PILLCO MARCA,CAYHUAYNA
100112,HUANUCO,HUANUCO,YACUS,YACUS
100113,HUANUCO,HUANUCO,SAN PABLO DE PILLAO,SAN PABLO DE PILLAO
100201,HUANUCO,AMBO,AMBO,AMBO
100202,HUANUCO,AMBO,CAYNA,CAYNA
100203,HUANUCO,AMBO,COLPAS,COLPAS
100204,HUANUCO,AMBO,CONCHAMARCA,CONCHAMARCA
100205,HUANUCO,AMBO,HUACAR,HUACAR
100206,HUANUCO,AMBO,SAN FRANCISCO,MOSCA
100207,HUANUCO,AMBO,SAN RAFAEL,SAN RAFAEL
100208,HUANUCO,AMBO,TOMAY KICHWA,TOMAY KICHWA
100301,HUANUCO,DOS DE MAYO,LA UNION,LA UNION
100307,HUANUCO,DOS DE MAYO,CHUQUIS,CHUQUIS
100311,HUANUCO,DOS DE MAYO,MARIAS,MARIAS
100313,HUANUCO,DOS DE MAYO,PACHAS,PACHAS
100316,HUANUCO,DOS DE MAYO,QUIVILLA,QUIVILLA
100317,HUANUCO,DOS DE MAYO,RIPAN,RIPAN
100321,HUANUCO,DOS DE MAYO,SHUNQUI,SHUNQUI
100322,HUANUCO,DOS DE MAYO,SILLAPATA,SILLAPATA
100323,HUANUCO,DOS DE MAYO,YANAS,YANAS
100401,HUANUCO,HUACAYBAMBA,HUACAYBAMBA,HUACAYBAMBA
100402,HUANUCO,HUACAYBAMBA,CANCHABAMBA,CANCHABAMBA
100403,HUANUCO,HUACAYBAMBA,COCHABAMBA,COCHABAMBA
100404,HUANUCO,HUACAYBAMBA,PINRA,PINRA
100501,HUANUCO,HUAMALIES,LLATA,LLATA
100502,HUANUCO,HUAMALIES,ARANCAY,ARANCAY
100503,HUANUCO,HUAMALIES,CHAVIN DE PARIARCA,CHAVIN DE PARIARCA
100504,HUANUCO,HUAMALIES,JACAS GRANDE,JACAS GRANDE
100505,HUANUCO,HUAMALIES,JIRCAN,JIRCAN
100506,HUANUCO,HUAMALIES,MIRAFLORES,MIRAFLORES
100507,HUANUCO,HUAMALIES,MONZON,MONZON
100508,HUANUCO,HUAMALIES,PUNCHAO,PUNCHAO
100509,HUANUCO,HUAMALIES,PUÑOS,PUÑOS
100510,HUANUCO,HUAMALIES,SINGA,SINGA
100511,HUANUCO,HUAMALIES,TANTAMAYO,TANTAMAYO
100601,HUANUCO,LEONCIO PRADO,RUPA-RUPA,TINGO MARIA
100602,HUANUCO,LEONCIO PRADO,DANIEL ALOMIA ROBLES,DANIEL ALOMIA ROBLES
100603,HUANUCO,LEONCIO PRADO,HERMILIO VALDIZAN,HERMILIO VALDIZAN
100604,HUANUCO,LEONCIO PRADO,JOSE CRESPO Y CASTILLO,AUCAYACU
100605,HUANUCO,LEONCIO PRADO,LUYANDO,LUYANDO /8
100606,HUANUCO,LEONCIO PRADO,MARIANO DAMASO BERAUN,LAS PALMAS
100607,HUANUCO,LEONCIO PRADO,PUCAYACU,PUCAYACU
100608,HUANUCO,LEONCIO PRADO,CASTILLO GRANDE,CASTILLO GRANDE
100609,HUANUCO,LEONCIO PRADO,PUEBLO NUEVO,PUEBLO NUEVO
100610,HUANUCO,LEONCIO PRADO,SANTO DOMINGO DE ANDIA,PACAE
100701,HUANUCO,MARAÑON,HUACRACHUCO,HUACRACHUCO
100702,HUANUCO,MARAÑON,CHOLON,SAN PEDRO DE CHONTA
100703,HUANUCO,MARAÑON,SAN BUENAVENTURA,SAN BUENAVENTURA
100704,HUANUCO,MARAÑON,LA MORADA,LA MORADA
100705,HUANUCO,MARAÑON,SANTA ROSA DE ALTO YANAJANCA,SANTA ROSA DE ALTO YANAJANCA
100801,HUANUCO,PACHITEA,PANAO,PANAO
100802,HUANUCO,PACHITEA,CHAGLLA,CHAGLLA
100803,HUANUCO,PACHITEA,MOLINO,MOLINO
100804,HUANUCO,PACHITEA,UMARI,UMARI (TAMBILLO)
100901,HUANUCO,PUERTO INCA,PUERTO INCA,PUERTO INCA
100902,HUANUCO,PUERTO INCA,CODO DEL POZUZO,CODO DEL POZUZO
100903,HUANUCO,PUERTO INCA,HONORIA,HONORIA
100904,HUANUCO,PUERTO INCA,TOURNAVISTA,TOURNAVISTA
100905,HUANUCO,PUERTO INCA,YUYAPICHIS,YUYAPICHIS
101001,HUANUCO,LAURICOCHA,JESUS,JESUS
101002,HUANUCO,LAURICOCHA,BAÑOS,BAÑOS
101003,HUANUCO,LAURICOCHA,JIVIA,JIVIA
101004,HUANUCO,LAURICOCHA,QUEROPALCA,QUEROPALCA
101005,HUANUCO,LAURICOCHA,RONDOS,RONDOS
101006,HUANUCO,LAURICOCHA,SAN FRANCISCO DE ASIS,HUARIN
101007,HUANUCO,LAURICOCHA,SAN MIGUEL DE CAURI,CAURI
101101,HUANUCO,YAROWILCA,CHAVINILLO,CHAVINILLO
101102,HUANUCO,YAROWILCA,CAHUAC,CAHUAC
101103,HUANUCO,YAROWILCA,CHACABAMBA,CHACABAMBA
101104,HUANUCO,YAROWILCA,APARICIO POMARES,CHUPAN
101105,HUANUCO,YAROWILCA,JACAS CHICO,SAN CRISTOBAL DE JACAS CHICO
101106,HUANUCO,YAROWILCA,OBAS,OBAS
101107,HUANUCO,YAROWILCA,PAMPAMARCA,PAMPAMARCA
101108,HUANUCO,YAROWILCA,CHORAS,CHORAS
110101,ICA,ICA,ICA,ICA
110102,ICA,ICA,LA TINGUIÑA,LA TINGUIÑA
110103,ICA,ICA,LOS AQUIJES,LOS AQUIJES
110104,ICA,ICA,OCUCAJE,OCUCAJE
110105,ICA,ICA,PACHACUTEC,PAMPA DE TATE
110106,ICA,ICA,PARCONA,PARCONA
110107,ICA,ICA,PUEBLO NUEVO,PUEBLO NUEVO
110108,ICA,ICA,SALAS,GUADALUPE
110109,ICA,ICA,SAN JOSE DE LOS MOLINOS,SAN JOSE DE LOS MOLINOS
110110,ICA,ICA,SAN JUAN BAUTISTA,SAN JUAN BAUTISTA
110111,ICA,ICA,SANTIAGO,SANTIAGO
110112,ICA,ICA,SUBTANJALLA,SUBTANJALLA
110113,ICA,ICA,TATE,TATE DE LA CAPILLA
110114,ICA,ICA,YAUCA DEL ROSARIO,CURIS /9
110201,ICA,CHINCHA,CHINCHA ALTA,CHINCHA ALTA
110202,ICA,CHINCHA,ALTO LARAN,ALTO LARAN
110203,ICA,CHINCHA,CHAVIN,CHAVIN
110204,ICA,CHINCHA,CHINCHA BAJA,CHINCHA BAJA
110205,ICA,CHINCHA,EL CARMEN,EL CARMEN
110206,ICA,CHINCHA,GROCIO PRADO,SAN PEDRO
110207,ICA,CHINCHA,PUEBLO NUEVO,PUEBLO NUEVO
110208,ICA,CHINCHA,SAN JUAN DE YANAC,SAN JUAN DE YANAC
110209,ICA,CHINCHA,SAN PEDRO DE HUACARPANA,SAN PEDRO DE HUACARPANA
110210,ICA,CHINCHA,SUNAMPE,SUNAMPE
110211,ICA,CHINCHA,TAMBO DE MORA,TAMBO DE MORA
110301,ICA,NASCA,NASCA,NASCA
110302,ICA,NASCA,CHANGUILLO,CHANGUILLO
110303,ICA,NASCA,EL INGENIO,EL INGENIO
110304,ICA,NASCA,MARCONA,SAN JUAN
110305,ICA,NASCA,VISTA ALEGRE,VISTA ALEGRE
110401,ICA,PALPA,PALPA,PALPA
110402,ICA,PALPA,LLIPATA,LLIPATA
110403,ICA,PALPA,RIO GRANDE,RIO GRANDE
110404,ICA,PALPA,SANTA CRUZ,SANTA CRUZ
110405,ICA,PALPA,TIBILLO,TIBILLO
110501,ICA,PISCO,PISCO,PISCO
110502,ICA,PISCO,HUANCANO,HUANCANO
110503,ICA,PISCO,HUMAY,HUMAY
110504,ICA,PISCO,INDEPENDENCIA,INDEPENDENCIA
110505,ICA,PISCO,PARACAS,PARACAS
110506,ICA,PISCO,SAN ANDRES,SAN ANDRES
110507,ICA,PISCO,SAN CLEMENTE,SAN CLEMENTE
110508,ICA,PISCO,TUPAC AMARU INCA,TUPAC AMARU
120101,JUNIN,HUANCAYO,HUANCAYO,HUANCAYO
120104,JUNIN,HUANCAYO,CARHUACALLANGA,CARHUACALLANGA
120105,JUNIN,HUANCAYO,CHACAPAMPA,CHACAPAMPA
120106,JUNIN,HUANCAYO,CHICCHE,CHICCHE
120107,JUNIN,HUANCAYO,CHILCA,CHILCA
120108,JUNIN,HUANCAYO,CHONGOS ALTO,CHONGOS ALTO
120111,JUNIN,HUANCAYO,CHUPURO,CHUPURO
120112,JUNIN,HUANCAYO,COLCA,COLCA
120113,JUNIN,HUANCAYO,CULLHUAS,CULLHUAS
120114,JUNIN,HUANCAYO,EL TAMBO,EL TAMBO
120116,JUNIN,HUANCAYO,HUACRAPUQUIO,HUACRAPUQUIO
120117,JUNIN,HUANCAYO,HUALHUAS,HUALHUAS
120119,JUNIN,HUANCAYO,HUANCAN,HUANCAN
120120,JUNIN,HUANCAYO,HUASICANCHA,HUASICANCHA
120121,JUNIN,HUANCAYO,HUAYUCACHI,HUAYUCACHI
120122,JUNIN,HUANCAYO,INGENIO,INGENIO
120124,JUNIN,HUANCAYO,PARIAHUANCA,PARIAHUANCA /10
120125,JUNIN,HUANCAYO,PILCOMAYO,PILCOMAYO
120126,JUNIN,HUANCAYO,PUCARA,PUCARA
120127,JUNIN,HUANCAYO,QUICHUAY,QUICHUAY
120128,JUNIN,HUANCAYO,QUILCAS,QUILCAS
120129,JUNIN,HUANCAYO,SAN AGUSTIN,SAN AGUSTIN
120130,JUNIN,HUANCAYO,SAN JERONIMO DE TUNAN,SAN JERONIMO DE TUNAN
120132,JUNIN,HUANCAYO,SAÑO,SAÑO
120133,JUNIN,HUANCAYO,SAPALLANGA,SAPALLANGA
120134,JUNIN,HUANCAYO,SICAYA,SICAYA
120135,JUNIN,HUANCAYO,SANTO DOMINGO DE ACOBAMBA,SANTO DOMINGO DE ACOBAMBA
120136,JUNIN,HUANCAYO,VIQUES,VIQUES
120201,JUNIN,CONCEPCION,CONCEPCION,CONCEPCION
120202,JUNIN,CONCEPCION,ACO,ACO
120203,JUNIN,CONCEPCION,ANDAMARCA,ANDAMARCA
120204,JUNIN,CONCEPCION,CHAMBARA,CHAMBARA
120205,JUNIN,CONCEPCION,COCHAS,COCHAS
120206,JUNIN,CONCEPCION,COMAS,COMAS
120207,JUNIN,CONCEPCION,HEROINAS TOLEDO,SAN ANTONIO DE OCOPA
120208,JUNIN,CONCEPCION,MANZANARES,SAN MIGUEL
120209,JUNIN,CONCEPCION,MARISCAL CASTILLA,MUCLLO
120210,JUNIN,CONCEPCION,MATAHUASI,MATAHUASI
120211,JUNIN,CONCEPCION,MITO,MITO
120212,JUNIN,CONCEPCION,NUEVE DE JULIO,SANTO DOMINGO DEL PRADO
120213,JUNIN,CONCEPCION,ORCOTUNA,ORCOTUNA
120214,JUNIN,CONCEPCION,SAN JOSE DE QUERO,SAN JOSE DE QUERO
120215,JUNIN,CONCEPCION,SANTA ROSA DE OCOPA,SANTA ROSA
120301,JUNIN,CHANCHAMAYO,CHANCHAMAYO,LA MERCED
120302,JUNIN,CHANCHAMAYO,PERENE,PERENE
120303,JUNIN,CHANCHAMAYO,PICHANAQUI,BAJO PICHANAQUI
120304,JUNIN,CHANCHAMAYO,SAN LUIS DE SHUARO,SAN LUIS DE SHUARO
120305,JUNIN,CHANCHAMAYO,SAN RAMON,SAN RAMON
120306,JUNIN,CHANCHAMAYO,VITOC,PUCARA
120401,JUNIN,JAUJA,JAUJA,JAUJA
120402,JUNIN,JAUJA,ACOLLA,ACOLLA
120403,JUNIN,JAUJA,APATA,APATA
120404,JUNIN,JAUJA,ATAURA,ATAURA
120405,JUNIN,JAUJA,CANCHAYLLO,CANCHAYLLO
120406,JUNIN,JAUJA,CURICACA,EL ROSARIO
120407,JUNIN,JAUJA,EL MANTARO,PUCUCHO
120408,JUNIN,JAUJA,HUAMALI,HUAMALI
120409,JUNIN,JAUJA,HUARIPAMPA,HUARIPAMPA
120410,JUNIN,JAUJA,HUERTAS,HUERTAS
120411,JUNIN,JAUJA,JANJAILLO,JANJAILLO /11
120412,JUNIN,JAUJA,JULCAN,JULCAN
120413,JUNIN,JAUJA,LEONOR ORDOÑEZ,HUANCANI
120414,JUNIN,JAUJA,LLOCLLAPAMPA,LLOCLLAPAMPA
120415,JUNIN,JAUJA,MARCO,MARCO
120416,JUNIN,JAUJA,MASMA,MASMA
120417,JUNIN,JAUJA,MASMA CHICCHE,MASMA CHICCHE
120418,JUNIN,JAUJA,MOLINOS,MOLINOS
120419,JUNIN,JAUJA,MONOBAMBA,MONOBAMBA
120420,JUNIN,JAUJA,MUQUI,MUQUI
120421,JUNIN,JAUJA,MUQUIYAUYO,MUQUIYAUYO
120422,JUNIN,JAUJA,PACA,PACA
120423,JUNIN,JAUJA,PACCHA,PACCHA
120424,JUNIN,JAUJA,PANCAN,PANCAN
120425,JUNIN,JAUJA,PARCO,PARCO
120426,JUNIN,JAUJA,POMACANCHA,POMACANCHA
120427,JUNIN,JAUJA,RICRAN,RICRAN
120428,JUNIN,JAUJA,SAN LORENZO,SAN LORENZO
120429,JUNIN,JAUJA,SAN PEDRO DE CHUNAN,SAN PEDRO DE CHUNAN
120430,JUNIN,JAUJA,SAUSA,SAUSA
120431,JUNIN,JAUJA,SINCOS,SINCOS
120432,JUNIN,JAUJA,TUNAN MARCA,CONCHO
120433,JUNIN,JAUJA,YAULI,YAULI
120434,JUNIN,JAUJA,YAUYOS,YAUYOS
120501,JUNIN,JUNIN,JUNIN,JUNIN
120502,JUNIN,JUNIN,CARHUAMAYO,CARHUAMAYO
120503,JUNIN,JUNIN,ONDORES,ONDORES
120504,JUNIN,JUNIN,ULCUMAYO,ULCUMAYO
120601,JUNIN,SATIPO,SATIPO,SATIPO
120602,JUNIN,SATIPO,COVIRIALI,COVIRIALI
120603,JUNIN,SATIPO,LLAYLLA,LLAYLLA
120604,JUNIN,SATIPO,MAZAMARI,MAZAMARI
120605,JUNIN,SATIPO,PAMPA HERMOSA,MARIPOSA
120606,JUNIN,SATIPO,PANGOA,SAN MARTIN DE PANGOA
120607,JUNIN,SATIPO,RIO NEGRO,RIO NEGRO
120608,JUNIN,SATIPO,RIO TAMBO,PUERTO OCOPA
120609,JUNIN,SATIPO,VIZCATAN DEL ENE,SAN MIGUEL DEL ENE
120701,JUNIN,TARMA,TARMA,TARMA
120702,JUNIN,TARMA,ACOBAMBA,ACOBAMBA
120703,JUNIN,TARMA,HUARICOLCA,HUARICOLCA
120704,JUNIN,TARMA,HUASAHUASI,HUASAHUASI
120705,JUNIN,TARMA,LA UNION,LETICIA
120706,JUNIN,TARMA,PALCA,PALCA
120707,JUNIN,TARMA,PALCAMAYO,PALCAMAYO
120708,JUNIN,TARMA,SAN PEDRO DE CAJAS,SAN PEDRO DE CAJAS
120709,JUNIN,TARMA,TAPO,TAPO
120801,JUNIN,YAULI,LA OROYA,LA OROYA
120802,JUNIN,YAULI,CHACAPALPA,CHACAPALPA
120803,JUNIN,YAULI,HUAY-HUAY,HUAY-HUAY
120804,JUNIN,YAULI,MARCAPOMACOCHA,MARCAPOMACOCHA
120805,JUNIN,YAULI,MOROCOCHA,NUEVA MOROCOCHA
120806,JUNIN,YAULI,PACCHA,PACCHA
120807,JUNIN,YAULI,SANTA BARBARA DE CARHUACAYAN,SANTA BARBARA DE CARHUACAYAN
120808,JUNIN,YAULI,SANTA ROSA DE SACCO,SANTA ROSA DE SACCO
120809,JUNIN,YAULI,SUITUCANCHA,SUITUCANCHA
120810,JUNIN,YAULI,YAULI,YAULI
120901,JUNIN,CHUPACA,CHUPACA,CHUPACA
120902,JUNIN,CHUPACA,AHUAC,AHUAC
120903,JUNIN,CHUPACA,CHONGOS BAJO,CHONGOS BAJO
120904,JUNIN,CHUPACA,HUACHAC,HUACHAC
120905,JUNIN,CHUPACA,HUAMANCACA CHICO,HUAMANCACA CHICO
120906,JUNIN,CHUPACA,SAN JUAN DE ISCOS,ISCOS
120907,JUNIN,CHUPACA,SAN JUAN DE JARPA,JARPA
120908,JUNIN,CHUPACA,TRES DE DICIEMBRE,TRES DE DICIEMBRE
120909,JUNIN,CHUPACA,YANACANCHA,YANACANCHA
130101,LA LIBERTAD,TRUJILLO,TRUJILLO,TRUJILLO
130102,LA LIBERTAD,TRUJILLO,EL PORVENIR,EL PORVENIR
130103,LA LIBERTAD,TRUJILLO,FLORENCIA DE MORA,FLORENCIA DE MORA
130104,LA LIBERTAD,TRUJILLO,HUANCHACO,HUANCHACO
130105,LA LIBERTAD,TRUJILLO,LA ESPERANZA,LA ESPERANZA
130106,LA LIBERTAD,TRUJILLO,LAREDO,LAREDO
130107,LA LIBERTAD,TRUJILLO,MOCHE,MOCHE
130108,LA LIBERTAD,TRUJILLO,POROTO,POROTO
130109,LA LIBERTAD,TRUJILLO,SALAVERRY,SALAVERRY
130110,LA LIBERTAD,TRUJILLO,SIMBAL,SIMBAL
130111,LA LIBERTAD,TRUJILLO,VICTOR LARCO HERRERA,BUENOS AIRES
130201,LA LIBERTAD,ASCOPE,ASCOPE,ASCOPE
130202,LA LIBERTAD,ASCOPE,CHICAMA,CHICAMA
130203,LA LIBERTAD,ASCOPE,CHOCOPE,CHOCOPE
130204,LA LIBERTAD,ASCOPE,MAGDALENA DE CAO,MAGDALENA DE CAO
130205,LA LIBERTAD,ASCOPE,PAIJAN,PAIJAN
130206,LA LIBERTAD,ASCOPE,RAZURI,PUERTO DE MALABRIGO
130207,LA LIBERTAD,ASCOPE,SANTIAGO DE CAO,SANTIAGO DE CAO
130208,LA LIBERTAD,ASCOPE,CASA GRANDE,CASA GRANDE
130301,LA LIBERTAD,BOLIVAR,BOLIVAR,BOLIVAR
130302,LA LIBERTAD,BOLIVAR,BAMBAMARCA,BAMBAMARCA
130303,LA LIBERTAD,BOLIVAR,CONDORMARCA,CONDORMARCA /12
130304,LA LIBERTAD,BOLIVAR,LONGOTEA,LONGOTEA
130305,LA LIBERTAD,BOLIVAR,UCHUMARCA,UCHUMARCA
130306,LA LIBERTAD,BOLIVAR,UCUNCHA,UCUNCHA
130401,LA LIBERTAD,CHEPEN,CHEPEN,CHEPEN
130402,LA LIBERTAD,CHEPEN,PACANGA,PACANGA
130403,LA LIBERTAD,CHEPEN,PUEBLO NUEVO,PUEBLO NUEVO
130501,LA LIBERTAD,JULCAN,JULCAN,JULCAN
130502,LA LIBERTAD,JULCAN,CALAMARCA,CALAMARCA
130503,LA LIBERTAD,JULCAN,CARABAMBA,CARABAMBA
130504,LA LIBERTAD,JULCAN,HUASO,HUASO
130601,LA LIBERTAD,OTUZCO,OTUZCO,OTUZCO
130602,LA LIBERTAD,OTUZCO,AGALLPAMPA,AGALLPAMPA
130604,LA LIBERTAD,OTUZCO,CHARAT,CHARAT
130605,LA LIBERTAD,OTUZCO,HUARANCHAL,HUARANCHAL
130606,LA LIBERTAD,OTUZCO,LA CUESTA,LA CUESTA
130608,LA LIBERTAD,OTUZCO,MACHE,MACHE
130610,LA LIBERTAD,OTUZCO,PARANDAY,PARANDAY
130611,LA LIBERTAD,OTUZCO,SALPO,SALPO
130613,LA LIBERTAD,OTUZCO,SINSICAP,SINSICAP
130614,LA LIBERTAD,OTUZCO,USQUIL,USQUIL
130701,LA LIBERTAD,PACASMAYO,SAN PEDRO DE LLOC,SAN PEDRO DE LLOC
130702,LA LIBERTAD,PACASMAYO,GUADALUPE,GUADALUPE
130703,LA LIBERTAD,PACASMAYO,JEQUETEPEQUE,JEQUETEPEQUE
130704,LA LIBERTAD,PACASMAYO,PACASMAYO,PACASMAYO
130705,LA LIBERTAD,PACASMAYO,SAN JOSE,SAN JOSE
130801,LA LIBERTAD,PATAZ,TAYABAMBA,TAYABAMBA
130802,LA LIBERTAD,PATAZ,BULDIBUYO,BULDIBUYO
130803,LA LIBERTAD,PATAZ,CHILLIA,CHILLIA
130804,LA LIBERTAD,PATAZ,HUANCASPATA,HUANCASPATA
130805,LA LIBERTAD,PATAZ,HUAYLILLAS,HUAYLILLAS
130806,LA LIBERTAD,PATAZ,HUAYO,HUAYO
130807,LA LIBERTAD,PATAZ,ONGON,ONGON
130808,LA LIBERTAD,PATAZ,PARCOY,PARCOY
130809,LA LIBERTAD,PATAZ,PATAZ,PATAZ
130810,LA LIBERTAD,PATAZ,PIAS,PIAS
130811,LA LIBERTAD,PATAZ,SANTIAGO DE CHALLAS,CHALLAS
130812,LA LIBERTAD,PATAZ,TAURIJA,TAURIJA
130813,LA LIBERTAD,PATAZ,URPAY,URPAY
130901,LA LIBERTAD,SANCHEZ CARRION,HUAMACHUCO,HUAMACHUCO
130902,LA LIBERTAD,SANCHEZ CARRION,CHUGAY,CHUGAY
130903,LA LIBERTAD,SANCHEZ CARRION,COCHORCO,ARICAPAMPA
130904,LA LIBERTAD,SANCHEZ CARRION,CURGOS,CURGOS
130905,LA LIBERTAD,SANCHEZ CARRION,MARCABAL,MARCABAL
130906,LA LIBERTAD,SANCHEZ CARRION,SANAGORAN,SANAGORAN
130907,LA LIBERTAD,SANCHEZ CARRION,SARIN,SARIN
130908,LA LIBERTAD,SANCHEZ CARRION,SARTIMBAMBA,SARTIMBAMBA
131001,LA LIBERTAD,SANTIAGO DE CHUCO,SANTIAGO DE CHUCO,SANTIAGO DE CHUCO
131002,LA LIBERTAD,SANTIAGO DE CHUCO,ANGASMARCA,ANGASMARCA
131003,LA LIBERTAD,SANTIAGO DE CHUCO,CACHICADAN,CACHICADAN
131004,LA LIBERTAD,SANTIAGO DE CHUCO,MOLLEBAMBA,MOLLEBAMBA
131005,LA LIBERTAD,SANTIAGO DE CHUCO,MOLLEPATA,MOLLEPATA
131006,LA LIBERTAD,SANTIAGO DE CHUCO,QUIRUVILCA,QUIRUVILCA
131007,LA LIBERTAD,SANTIAGO DE CHUCO,SANTA CRUZ DE CHUCA,SANTA CRUZ DE CHUCA
131008,LA LIBERTAD,SANTIAGO DE CHUCO,SITABAMBA,SITABAMBA
131101,LA LIBERTAD,GRAN CHIMU,CASCAS,CASCAS
131102,LA LIBERTAD,GRAN CHIMU,LUCMA,LUCMA
131103,LA LIBERTAD,GRAN CHIMU,MARMOT,MARMOT /13
131104,LA LIBERTAD,GRAN CHIMU,SAYAPULLO,SAYAPULLO
131201,LA LIBERTAD,VIRU,VIRU,VIRU
131202,LA LIBERTAD,VIRU,CHAO,CHAO
131203,LA LIBERTAD,VIRU,GUADALUPITO,GUADALUPITO
140101,LAMBAYEQUE,CHICLAYO,CHICLAYO,CHICLAYO
140102,LAMBAYEQUE,CHICLAYO,CHONGOYAPE,CHONGOYAPE
140103,LAMBAYEQUE,CHICLAYO,ETEN,ETEN
140104,LAMBAYEQUE,CHICLAYO,ETEN PUERTO,ETEN PUERTO
140105,LAMBAYEQUE,CHICLAYO,JOSE LEONARDO ORTIZ,JOSE LEONARDO ORTIZ
140106,LAMBAYEQUE,CHICLAYO,LA VICTORIA,LA VICTORIA
140107,LAMBAYEQUE,CHICLAYO,LAGUNAS,MOCUPE
140108,LAMBAYEQUE,CHICLAYO,MONSEFU,MONSEFU
140109,LAMBAYEQUE,CHICLAYO,NUEVA ARICA,NUEVA ARICA
140110,LAMBAYEQUE,CHICLAYO,OYOTUN,OYOTUN
140111,LAMBAYEQUE,CHICLAYO,PICSI,PICSI
140112,LAMBAYEQUE,CHICLAYO,PIMENTEL,PIMENTEL
140113,LAMBAYEQUE,CHICLAYO,REQUE,REQUE
140114,LAMBAYEQUE,CHICLAYO,SANTA ROSA,SANTA ROSA
140115,LAMBAYEQUE,CHICLAYO,SAÑA,SAÑA
140116,LAMBAYEQUE,CHICLAYO,CAYALTI,CAYALTI
140117,LAMBAYEQUE,CHICLAYO,PATAPO,PATAPO
140118,LAMBAYEQUE,CHICLAYO,POMALCA,POMALCA
140119,LAMBAYEQUE,CHICLAYO,PUCALA,PUCALA
140120,LAMBAYEQUE,CHICLAYO,TUMAN,TUMAN
140201,LAMBAYEQUE,FERREÑAFE,FERREÑAFE,FERREÑAFE
140202,LAMBAYEQUE,FERREÑAFE,CAÑARIS,CAÑARIS
140203,LAMBAYEQUE,FERREÑAFE,INCAHUASI,INCAHUASI
140204,LAMBAYEQUE,FERREÑAFE,MANUEL ANTONIO MESONES MURO,MANUEL ANTONIO MESONES MURO
140205,LAMBAYEQUE,FERREÑAFE,PITIPO,PITIPO
140206,LAMBAYEQUE,FERREÑAFE,PUEBLO NUEVO,PUEBLO NUEVO
140301,LAMBAYEQUE,LAMBAYEQUE,LAMBAYEQUE,LAMBAYEQUE
140302,LAMBAYEQUE,LAMBAYEQUE,CHOCHOPE,CHOCHOPE
140303,LAMBAYEQUE,LAMBAYEQUE,ILLIMO,ILLIMO
140304,LAMBAYEQUE,LAMBAYEQUE,JAYANCA,JAYANCA
140305,LAMBAYEQUE,LAMBAYEQUE,MOCHUMI,MOCHUMI
140306,LAMBAYEQUE,LAMBAYEQUE,MORROPE,MORROPE
140307,LAMBAYEQUE,LAMBAYEQUE,MOTUPE,MOTUPE
140308,LAMBAYEQUE,LAMBAYEQUE,OLMOS,OLMOS
140309,LAMBAYEQUE,LAMBAYEQUE,PACORA,PACORA
140310,LAMBAYEQUE,LAMBAYEQUE,SALAS,SALAS
140311,LAMBAYEQUE,LAMBAYEQUE,SAN JOSE,SAN JOSE
140312,LAMBAYEQUE,LAMBAYEQUE,TUCUME,TUCUME
150101,LIMA,LIMA,LIMA,LIMA
150102,LIMA,LIMA,ANCON,ANCON
150103,LIMA,LIMA,ATE,VITARTE
150104,LIMA,LIMA,BARRANCO,BARRANCO
150105,LIMA,LIMA,BREÑA,BREÑA
150106,LIMA,LIMA,CARABAYLLO,CARABAYLLO
150107,LIMA,LIMA,CHACLACAYO,CHACLACAYO
150108,LIMA,LIMA,CHORRILLOS,CHORRILLOS
150109,LIMA,LIMA,CIENEGUILLA,CIENEGUILLA
150110,LIMA,LIMA,COMAS,LA LIBERTAD
150111,LIMA,LIMA,EL AGUSTINO,EL AGUSTINO
150112,LIMA,LIMA,INDEPENDENCIA,INDEPENDENCIA
150113,LIMA,LIMA,JESUS MARIA,JESUS MARIA
150114,LIMA,LIMA,LA MOLINA,LA MOLINA
150115,LIMA,LIMA,LA VICTORIA,LA VICTORIA
150116,LIMA,LIMA,LINCE,LINCE
150117,LIMA,LIMA,LOS OLIVOS,LAS PALMERAS
150118,LIMA,LIMA,LURIGANCHO,CHOSICA
150119,LIMA,LIMA,LURIN,LURIN
150120,LIMA,LIMA,MAGDALENA DEL MAR,MAGDALENA DEL MAR
150121,LIMA,LIMA,PUEBLO LIBRE,PUEBLO LIBRE
150122,LIMA,LIMA,MIRAFLORES,MIRAFLORES
150123,LIMA,LIMA,PACHACAMAC,PACHACAMAC
150124,LIMA,LIMA,PUCUSANA,PUCUSANA
150125,LIMA,LIMA,PUENTE PIEDRA,PUENTE PIEDRA
150126,LIMA,LIMA,PUNTA HERMOSA,PUNTA HERMOSA
150127,LIMA,LIMA,PUNTA NEGRA,PUNTA NEGRA
150128,LIMA,LIMA,RIMAC,RIMAC
150129,LIMA,LIMA,SAN BARTOLO,SAN BARTOLO
150130,LIMA,LIMA,SAN BORJA,SAN FRANCISCO DE BORJA
150131,LIMA,LIMA,SAN ISIDRO,SAN ISIDRO
150132,LIMA,LIMA,SAN JUAN DE LURIGANCHO,SAN JUAN DE LURIGANCHO
150133,LIMA,LIMA,SAN JUAN DE MIRAFLORES,CIUDAD DE DIOS
150134,LIMA,LIMA,SAN LUIS,SAN LUIS
150135,LIMA,LIMA,SAN MARTIN DE PORRES,BARRIO OBRERO INDUSTRIAL
150136,LIMA,LIMA,SAN MIGUEL,SAN MIGUEL
150137,LIMA,LIMA,SANTA ANITA,SANTA ANITA - LOS FICUS
150138,LIMA,LIMA,SANTA MARIA DEL MAR,SANTA MARIA DEL MAR
150139,LIMA,LIMA,SANTA ROSA,SANTA ROSA
150140,LIMA,LIMA,SANTIAGO DE SURCO,SANTIAGO DE SURCO
150141,LIMA,LIMA,SURQUILLO,SURQUILLO
150142,LIMA,LIMA,VILLA EL SALVADOR,VILLA EL SALVADOR
150143,LIMA,LIMA,VILLA MARIA DEL TRIUNFO,VILLA MARIA DEL TRIUNFO
150201,LIMA,BARRANCA,BARRANCA,BARRANCA
150202,LIMA,BARRANCA,PARAMONGA,PARAMONGA
150203,LIMA,BARRANCA,PATIVILCA,PATIVILCA
150204,LIMA,BARRANCA,SUPE,SUPE
150205,LIMA,BARRANCA,SUPE PUERTO,SUPE PUERTO
150301,LIMA,CAJATAMBO,CAJATAMBO,CAJATAMBO
150302,LIMA,CAJATAMBO,COPA,COPA
150303,LIMA,CAJATAMBO,GORGOR,GORGOR
150304,LIMA,CAJATAMBO,HUANCAPON,HUANCAPON
150305,LIMA,CAJATAMBO,MANAS,MANAS
150401,LIMA,CANTA,CANTA,CANTA
150402,LIMA,CANTA,ARAHUAY,ARAHUAY
150403,LIMA,CANTA,HUAMANTANGA,HUAMANTANGA
150404,LIMA,CANTA,HUAROS,HUAROS
150405,LIMA,CANTA,LACHAQUI,LACHAQUI
150406,LIMA,CANTA,SAN BUENAVENTURA,SAN BUENAVENTURA
150407,LIMA,CANTA,SANTA ROSA DE QUIVES,YANGAS
150501,LIMA,CAÑETE,SAN VICENTE DE CAÑETE,SAN VICENTE DE CAÑETE
150502,LIMA,CAÑETE,ASIA,ASIA
150503,LIMA,CAÑETE,CALANGO,CALANGO
150504,LIMA,CAÑETE,CERRO AZUL,CERRO AZUL
150505,LIMA,CAÑETE,CHILCA,CHILCA
150506,LIMA,CAÑETE,COAYLLO,COAYLLO
150507,LIMA,CAÑETE,IMPERIAL,IMPERIAL
150508,LIMA,CAÑETE,LUNAHUANA,LUNAHUANA
150509,LIMA,CAÑETE,MALA,MALA
150510,LIMA,CAÑETE,NUEVO IMPERIAL,NUEVO IMPERIAL
150511,LIMA,CAÑETE,PACARAN,PACARAN
150512,LIMA,CAÑETE,QUILMANA,QUILMANA
150513,LIMA,CAÑETE,SAN ANTONIO,SAN ANTONIO
150514,LIMA,CAÑETE,SAN LUIS,SAN LUIS
150515,LIMA,CAÑETE,SANTA CRUZ DE FLORES,SANTA CRUZ DE FLORES
150516,LIMA,CAÑETE,ZUÑIGA,ZUÑIGA
150601,LIMA,HUARAL,HUARAL,HUARAL
150602,LIMA,HUARAL,ATAVILLOS ALTO,PIRCA
150603,LIMA,HUARAL,ATAVILLOS BAJO,SAN AGUSTIN DE HUAYOPAMPA
150604,LIMA,HUARAL,AUCALLAMA,AUCALLAMA
150605,LIMA,HUARAL,CHANCAY,CHANCAY
150606,LIMA,HUARAL,IHUARI,IHUARI
150607,LIMA,HUARAL,LAMPIAN,LAMPIAN
150608,LIMA,HUARAL,PACARAOS,PACARAOS
150609,LIMA,HUARAL,SAN MIGUEL DE ACOS,ACOS
150610,LIMA,HUARAL,SANTA CRUZ DE ANDAMARCA,SANTA CRUZ DE ANDAMARCA
150611,LIMA,HUARAL,SUMBILCA,SUMBILCA
150612,LIMA,HUARAL,VEINTISIETE DE NOVIEMBRE,CARAC
150701,LIMA,HUAROCHIRI,MATUCANA,MATUCANA
150702,LIMA,HUAROCHIRI,ANTIOQUIA,ANTIOQUIA
150703,LIMA,HUAROCHIRI,CALLAHUANCA,CALLAHUANCA
150704,LIMA,HUAROCHIRI,CARAMPOMA,CARAMPOMA
150705,LIMA,HUAROCHIRI,CHICLA,CHICLA
150706,LIMA,HUAROCHIRI,CUENCA,SAN JOSE DE LOS CHORRILLOS
150707,LIMA,HUAROCHIRI,HUACHUPAMPA,SAN LORENZO DE HUACHUPAMPA
150708,LIMA,HUAROCHIRI,HUANZA,HUANZA
150709,LIMA,HUAROCHIRI,HUAROCHIRI,HUAROCHIRI
150710,LIMA,HUAROCHIRI,LAHUAYTAMBO,LAHUAYTAMBO
150711,LIMA,HUAROCHIRI,LANGA,LANGA
150712,LIMA,HUAROCHIRI,SAN PEDRO DE LARAOS,LARAOS
150713,LIMA,HUAROCHIRI,MARIATANA,MARIATANA
150714,LIMA,HUAROCHIRI,RICARDO PALMA,RICARDO PALMA
150715,LIMA,HUAROCHIRI,SAN ANDRES DE TUPICOCHA,SAN ANDRES DE TUPICOCHA
150716,LIMA,HUAROCHIRI,SAN ANTONIO,CHACLLA
150717,LIMA,HUAROCHIRI,SAN BARTOLOME,SAN BARTOLOME
150718,LIMA,HUAROCHIRI,SAN DAMIAN,SAN DAMIAN
150719,LIMA,HUAROCHIRI,SAN JUAN DE IRIS,SAN JUAN DE IRIS
150720,LIMA,HUAROCHIRI,SAN JUAN DE TANTARANCHE,SAN JUAN DE TANTARANCHE
150721,LIMA,HUAROCHIRI,SAN LORENZO DE QUINTI,SAN LORENZO DE QUINTI
150722,LIMA,HUAROCHIRI,SAN MATEO,SAN MATEO
150723,LIMA,HUAROCHIRI,SAN MATEO DE OTAO,SAN JUAN DE LANCA
150724,LIMA,HUAROCHIRI,SAN PEDRO DE CASTA,SAN PEDRO DE CASTA
150725,LIMA,HUAROCHIRI,SAN PEDRO DE HUANCAYRE,SAN PEDRO
150726,LIMA,HUAROCHIRI,SANGALLAYA,SANGALLAYA
150727,LIMA,HUAROCHIRI,SANTA CRUZ DE COCACHACRA,COCACHACRA
150728,LIMA,HUAROCHIRI,SANTA EULALIA,SANTA EULALIA
150729,LIMA,HUAROCHIRI,SANTIAGO DE ANCHUCAYA,SANTIAGO DE ANCHUCAYA
150730,LIMA,HUAROCHIRI,SANTIAGO DE TUNA,SANTIAGO DE TUNA
150731,LIMA,HUAROCHIRI,SANTO DOMINGO DE LOS OLLEROS,SANTO DOMINGO DE LOS OLLEROS
150732,LIMA,HUAROCHIRI,SURCO,SURCO
150801,LIMA,HUAURA,HUACHO,HUACHO
150802,LIMA,HUAURA,AMBAR,AMBAR
150803,LIMA,HUAURA,CALETA DE CARQUIN,CALETA DE CARQUIN
150804,LIMA,HUAURA,CHECRAS,MARAY
150805,LIMA,HUAURA,HUALMAY,HUALMAY
150806,LIMA,HUAURA,HUAURA,HUAURA
150807,LIMA,HUAURA,LEONCIO PRADO,SANTA CRUZ
150808,LIMA,HUAURA,PACCHO,PACCHO
150809,LIMA,HUAURA,SANTA LEONOR,JUCUL
150810,LIMA,HUAURA,SANTA MARIA,CRUZ BLANCA
150811,LIMA,HUAURA,SAYAN,SAYAN
150812,LIMA,HUAURA,VEGUETA,VEGUETA
150901,LIMA,OYON,OYON,OYON
150902,LIMA,OYON,ANDAJES,ANDAJES
150903,LIMA,OYON,CAUJUL,CAUJUL
150904,LIMA,OYON,COCHAMARCA,COCHAMARCA
150905,LIMA,OYON,NAVAN,NAVAN
150906,LIMA,OYON,PACHANGARA,CHURIN
151001,LIMA,YAUYOS,YAUYOS,YAUYOS
151002,LIMA,YAUYOS,ALIS,ALIS
151003,LIMA,YAUYOS,ALLAUCA,ALLAUCA
151004,LIMA,YAUYOS,AYAVIRI,AYAVIRI
151005,LIMA,YAUYOS,AZANGARO,AZANGARO
151006,LIMA,YAUYOS,CACRA,CACRA
151007,LIMA,YAUYOS,CARANIA,CARANIA
151008,LIMA,YAUYOS,CATAHUASI,CATAHUASI
151009,LIMA,YAUYOS,CHOCOS,CHOCOS
151010,LIMA,YAUYOS,COCHAS,COCHAS
151011,LIMA,YAUYOS,COLONIA,COLONIA
151012,LIMA,YAUYOS,HONGOS,HONGOS
151013,LIMA,YAUYOS,HUAMPARA,HUAMPARA
151014,LIMA,YAUYOS,HUANCAYA,HUANCAYA
151015,LIMA,YAUYOS,HUANGASCAR,HUANGASCAR
151016,LIMA,YAUYOS,HUANTAN,HUANTAN
151017,LIMA,YAUYOS,HUAÑEC,HUAÑEC
151018,LIMA,YAUYOS,LARAOS,LARAOS
151019,LIMA,YAUYOS,LINCHA,LINCHA
151020,LIMA,YAUYOS,MADEAN,MADEAN
151021,LIMA,YAUYOS,MIRAFLORES,MIRAFLORES
151022,LIMA,YAUYOS,OMAS,OMAS
151023,LIMA,YAUYOS,PUTINZA,SAN LORENZO DE PUTINZA
151024,LIMA,YAUYOS,QUINCHES,QUINCHES
151025,LIMA,YAUYOS,QUINOCAY,QUINOCAY
151026,LIMA,YAUYOS,SAN JOAQUIN,SAN JOAQUIN
151027,LIMA,YAUYOS,SAN PEDRO DE PILAS,SAN PEDRO DE PILAS
151028,LIMA,YAUYOS,TANTA,TANTA
151029,LIMA,YAUYOS,TAURIPAMPA,TAURIPAMPA
151030,LIMA,YAUYOS,TOMAS,TOMAS
151031,LIMA,YAUYOS,TUPE,TUPE
151032,LIMA,YAUYOS,VIÑAC,VIÑAC
151033,LIMA,YAUYOS,VITIS,VITIS
160101,LORETO,MAYNAS,IQUITOS,IQUITOS
160102,LORETO,MAYNAS,ALTO NANAY,SANTA MARIA DE NANAY
160103,LORETO,MAYNAS,FERNANDO LORES,TAMSHIYACU
160104,LORETO,MAYNAS,INDIANA,INDIANA
160105,LORETO,MAYNAS,LAS AMAZONAS,FRANCISCO DE ORELLANA
160106,LORETO,MAYNAS,MAZAN,MAZAN
160107,LORETO,MAYNAS,NAPO,SANTA CLOTILDE
160108,LORETO,MAYNAS,PUNCHANA,PUNCHANA
160110,LORETO,MAYNAS,TORRES CAUSANA,PANTOJA
160112,LORETO,MAYNAS,BELEN,BELEN
160113,LORETO,MAYNAS,SAN JUAN BAUTISTA,SAN JUAN
160201,LORETO,ALTO AMAZONAS,YURIMAGUAS,YURIMAGUAS
160202,LORETO,ALTO AMAZONAS,BALSAPUERTO,BALSAPUERTO
160205,LORETO,ALTO AMAZONAS,JEBEROS,JEBEROS
160206,LORETO,ALTO AMAZONAS,LAGUNAS,LAGUNAS
160210,LORETO,ALTO AMAZONAS,SANTA CRUZ,SANTA CRUZ
160211,LORETO,ALTO AMAZONAS,TENIENTE CESAR LOPEZ ROJAS,SHUCUSHUYACU
160301,LORETO,LORETO,NAUTA,NAUTA
160302,LORETO,LORETO,PARINARI,PARINARI
160303,LORETO,LORETO,TIGRE,INTUTU
160304,LORETO,LORETO,TROMPETEROS,VILLA TROMPETEROS
160305,LORETO,LORETO,URARINAS,CONCORDIA
160401,LORETO,MARISCAL RAMON CASTILLA,RAMON CASTILLA,CABALLOCOCHA
160402,LORETO,MARISCAL RAMON CASTILLA,PEBAS,PEBAS
160403,LORETO,MARISCAL RAMON CASTILLA,YAVARI,AMELIA /14
160404,LORETO,MARISCAL RAMON CASTILLA,SAN PABLO,SAN PABLO DE LORETO
160501,LORETO,REQUENA,REQUENA,REQUENA
160502,LORETO,REQUENA,ALTO TAPICHE,SANTA ELENA
160503,LORETO,REQUENA,CAPELO,FLOR DE PUNGA
160504,LORETO,REQUENA,EMILIO SAN MARTIN,TAMANCO
160505,LORETO,REQUENA,MAQUIA,SANTA ISABEL
160506,LORETO,REQUENA,PUINAHUA,BRETAÑA
160507,LORETO,REQUENA,SAQUENA,BAGAZAN
160508,LORETO,REQUENA,SOPLIN,NUEVA ALEJANDRIA (CURINGA)
160509,LORETO,REQUENA,TAPICHE,IBERIA
160510,LORETO,REQUENA,JENARO HERRERA,JENARO HERRERA
160511,LORETO,REQUENA,YAQUERANA,ANGAMOS
160601,LORETO,UCAYALI,CONTAMANA,CONTAMANA
160602,LORETO,UCAYALI,INAHUAYA,INAHUAYA
160603,LORETO,UCAYALI,PADRE MARQUEZ,TIRUNTAN
160604,LORETO,UCAYALI,PAMPA HERMOSA,PAMPA HERMOSA
160605,LORETO,UCAYALI,SARAYACU,DOS DE MAYO
160606,LORETO,UCAYALI,VARGAS GUERRA,ORELLANA
160701,LORETO,DATEM DEL MARAÑON,BARRANCA,SAN LORENZO
160702,LORETO,DATEM DEL MARAÑON,CAHUAPANAS,SANTA MARIA DE CAHUAPANAS
160703,LORETO,DATEM DEL MARAÑON,MANSERICHE,SARAMIRIZA
160704,LORETO,DATEM DEL MARAÑON,MORONA,PUERTO ALEGRIA
160705,LORETO,DATEM DEL MARAÑON,PASTAZA,ULLPAYACU
160706,LORETO,DATEM DEL MARAÑON,ANDOAS,ALIANZA CRISTIANA
160801,LORETO,PUTUMAYO,PUTUMAYO,SAN ANTONIO DEL ESTRECHO
160802,LORETO,PUTUMAYO,ROSA PANDURO,SANTA MERCEDES
160803,LORETO,PUTUMAYO,TENIENTE MANUEL CLAVERO,SOPLIN VARGAS
160804,LORETO,PUTUMAYO,YAGUAS,REMANSO
170101,MADRE DE DIOS,TAMBOPATA,TAMBOPATA,PUERTO MALDONADO
170102,MADRE DE DIOS,TAMBOPATA,INAMBARI,MAZUKO
170103,MADRE DE DIOS,TAMBOPATA,LAS PIEDRAS,LAS PIEDRAS (PLANCHON)
170104,MADRE DE DIOS,TAMBOPATA,LABERINTO,PUERTO ROSARIO DE LABERINTO
170201,MADRE DE DIOS,MANU,MANU,SALVACION
170202,MADRE DE DIOS,MANU,FITZCARRALD,BOCA MANU
170203,MADRE DE DIOS,MANU,MADRE DE DIOS,BOCA COLORADO
170204,MADRE DE DIOS,MANU,HUEPETUHE,HUEPETUHE
170301,MADRE DE DIOS,TAHUAMANU,IÑAPARI,IÑAPARI
170302,MADRE DE DIOS,TAHUAMANU,IBERIA,IBERIA
170303,MADRE DE DIOS,TAHUAMANU,TAHUAMANU,SAN LORENZO
180101,MOQUEGUA,MARISCAL NIETO,MOQUEGUA,MOQUEGUA
180102,MOQUEGUA,MARISCAL NIETO,CARUMAS,CARUMAS
180103,MOQUEGUA,MARISCAL NIETO,CUCHUMBAYA,CUCHUMBAYA
180104,MOQUEGUA,MARISCAL NIETO,SAMEGUA,SAMEGUA
180105,MOQUEGUA,MARISCAL NIETO,SAN CRISTOBAL,CALACOA
180106,MOQUEGUA,MARISCAL NIETO,TORATA,TORATA
180201,MOQUEGUA,GENERAL SANCHEZ CERRO,OMATE,OMATE
180202,MOQUEGUA,GENERAL SANCHEZ CERRO,CHOJATA,CHOJATA
180203,MOQUEGUA,GENERAL SANCHEZ CERRO,COALAQUE,COALAQUE
180204,MOQUEGUA,GENERAL SANCHEZ CERRO,ICHUÑA,ICHUÑA
180205,MOQUEGUA,GENERAL SANCHEZ CERRO,LA CAPILLA,LA CAPILLA
180206,MOQUEGUA,GENERAL SANCHEZ CERRO,LLOQUE,LLOQUE
180207,MOQUEGUA,GENERAL SANCHEZ CERRO,MATALAQUE,MATALAQUE
180208,MOQUEGUA,GENERAL SANCHEZ CERRO,PUQUINA,PUQUINA
180209,MOQUEGUA,GENERAL SANCHEZ CERRO,QUINISTAQUILLAS,QUINISTAQUILLAS
180210,MOQUEGUA,GENERAL SANCHEZ CERRO,UBINAS,UBINAS
180211,MOQUEGUA,GENERAL SANCHEZ CERRO,YUNGA,YUNGA
180301,MOQUEGUA,ILO,ILO,ILO
180302,MOQUEGUA,ILO,EL ALGARROBAL,EL ALGARROBAL
180303,MOQUEGUA,ILO,PACOCHA,PUEBLO NUEVO
190101,PASCO,PASCO,CHAUPIMARCA,CERRO DE PASCO
190102,PASCO,PASCO,HUACHON,HUACHON
190103,PASCO,PASCO,HUARIACA,HUARIACA
190104,PASCO,PASCO,HUAYLLAY,HUAYLLAY
190105,PASCO,PASCO,NINACACA,NINACACA
190106,PASCO,PASCO,PALLANCHACRA,PALLANCHACRA
190107,PASCO,PASCO,PAUCARTAMBO,PAUCARTAMBO
190108,PASCO,PASCO,SAN FRANCISCO DE ASIS DE YARUSYACAN,YARUSYACAN
190109,PASCO,PASCO,SIMON BOLIVAR,SAN ANTONIO DE RANCAS
190110,PASCO,PASCO,TICLACAYAN,TICLACAYAN
190111,PASCO,PASCO,TINYAHUARCO,TINYAHUARCO (SMELTER)
190112,PASCO,PASCO,VICCO,VICCO
190113,PASCO,PASCO,YANACANCHA,YANACANCHA
190201,PASCO,DANIEL ALCIDES CARRION,YANAHUANCA,YANAHUANCA
190202,PASCO,DANIEL ALCIDES CARRION,CHACAYAN,CHACAYAN
190203,PASCO,DANIEL ALCIDES CARRION,GOYLLARISQUIZGA,GOYLLARISQUIZGA
190204,PASCO,DANIEL ALCIDES CARRION,PAUCAR,PAUCAR
190205,PASCO,DANIEL ALCIDES CARRION,SAN PEDRO DE PILLAO,SAN PEDRO DE PILLAO
190206,PASCO,DANIEL ALCIDES CARRION,SANTA ANA DE TUSI,SANTA ANA DE TUSI
190207,PASCO,DANIEL ALCIDES CARRION,TAPUC,TAPUC
190208,PASCO,DANIEL ALCIDES CARRION,VILCABAMBA,VILCABAMBA
190301,PASCO,OXAPAMPA,OXAPAMPA,OXAPAMPA
190302,PASCO,OXAPAMPA,CHONTABAMBA,CHONTABAMBA
190303,PASCO,OXAPAMPA,HUANCABAMBA,HUANCABAMBA
190304,PASCO,OXAPAMPA,PALCAZU,ISCOZACIN
190305,PASCO,OXAPAMPA,POZUZO,POZUZO
190306,PASCO,OXAPAMPA,PUERTO BERMUDEZ,PUERTO BERMUDEZ
190307,PASCO,OXAPAMPA,VILLA RICA,VILLA RICA
190308,PASCO,OXAPAMPA,CONSTITUCION,CONSTITUCION
200101,PIURA,PIURA,PIURA,PIURA
200104,PIURA,PIURA,CASTILLA,CASTILLA
200105,PIURA,PIURA,CATACAOS,CATACAOS
200107,PIURA,PIURA,CURA MORI,CUCUNGARA
200108,PIURA,PIURA,EL TALLAN,SINCHAO
200109,PIURA,PIURA,LA ARENA,LA ARENA
200110,PIURA,PIURA,LA UNION,LA UNION
200111,PIURA,PIURA,LAS LOMAS,LAS LOMAS
200114,PIURA,PIURA,TAMBO GRANDE,TAMBO GRANDE
200115,PIURA,PIURA,VEINTISEIS DE OCTUBRE,SAN MARTIN
200201,PIURA,AYABACA,AYABACA,AYABACA
200202,PIURA,AYABACA,FRIAS,FRIAS
200203,PIURA,AYABACA,JILILI,JILILI
200204,PIURA,AYABACA,LAGUNAS,LAGUNAS
200205,PIURA,AYABACA,MONTERO,MONTERO
200206,PIURA,AYABACA,PACAIPAMPA,PACAIPAMPA
200207,PIURA,AYABACA,PAIMAS,PAIMAS
200208,PIURA,AYABACA,SAPILLICA,SAPILLICA
200209,PIURA,AYABACA,SICCHEZ,SICCHEZ
200210,PIURA,AYABACA,SUYO,SUYO
200301,PIURA,HUANCABAMBA,HUANCABAMBA,HUANCABAMBA
200302,PIURA,HUANCABAMBA,CANCHAQUE,CANCHAQUE
200303,PIURA,HUANCABAMBA,EL CARMEN DE LA FRONTERA,SAPALACHE
200304,PIURA,HUANCABAMBA,HUARMACA,HUARMACA
200305,PIURA,HUANCABAMBA,LALAQUIZ,TUNAL
200306,PIURA,HUANCABAMBA,SAN MIGUEL DE EL FAIQUE,SAN MIGUEL DE EL FAIQUE
200307,PIURA,HUANCABAMBA,SONDOR,SONDOR
200308,PIURA,HUANCABAMBA,SONDORILLO,SONDORILLO
200401,PIURA,MORROPON,CHULUCANAS,CHULUCANAS
200402,PIURA,MORROPON,BUENOS AIRES,BUENOS AIRES
200403,PIURA,MORROPON,CHALACO,CHALACO
200404,PIURA,MORROPON,LA MATANZA,LA MATANZA
200405,PIURA,MORROPON,MORROPON,MORROPON
200406,PIURA,MORROPON,SALITRAL,SALITRAL
200407,PIURA,MORROPON,SAN JUAN DE BIGOTE,BIGOTE
200408,PIURA,MORROPON,SANTA CATALINA DE MOSSA,PALTASHACO
200409,PIURA,MORROPON,SANTO DOMINGO,SANTO DOMINGO
200410,PIURA,MORROPON,YAMANGO,YAMANGO
200501,PIURA,PAITA,PAITA,PAITA
200502,PIURA,PAITA,AMOTAPE,AMOTAPE
200503,PIURA,PAITA,ARENAL,ARENAL
200504,PIURA,PAITA,COLAN,SAN LUCAS (PUEBLO NUEVO DE COLAN)
200505,PIURA,PAITA,LA HUACA,LA HUACA
200506,PIURA,PAITA,TAMARINDO,TAMARINDO
200507,PIURA,PAITA,VICHAYAL,SAN FELIPE DE VICHAYAL
200601,PIURA,SULLANA,SULLANA,SULLANA
200602,PIURA,SULLANA,BELLAVISTA,BELLAVISTA
200603,PIURA,SULLANA,IGNACIO ESCUDERO,SAN JACINTO
200604,PIURA,SULLANA,LANCONES,LANCONES
200605,PIURA,SULLANA,MARCAVELICA,MARCAVELICA
200606,PIURA,SULLANA,MIGUEL CHECA,SOJO
200607,PIURA,SULLANA,QUERECOTILLO,QUERECOTILLO
200608,PIURA,SULLANA,SALITRAL,SALITRAL
200701,PIURA,TALARA,PARIÑAS,TALARA
200702,PIURA,TALARA,EL ALTO,EL ALTO
200703,PIURA,TALARA,LA BREA,NEGRITOS
200704,PIURA,TALARA,LOBITOS,LOBITOS
200705,PIURA,TALARA,LOS ORGANOS,LOS ORGANOS
200706,PIURA,TALARA,MANCORA,MANCORA
200801,PIURA,SECHURA,SECHURA,SECHURA
200802,PIURA,SECHURA,BELLAVISTA DE LA UNION,BELLAVISTA
200803,PIURA,SECHURA,BERNAL,BERNAL
200804,PIURA,SECHURA,CRISTO NOS VALGA,SAN CRISTO
200805,PIURA,SECHURA,VICE,VICE
200806,PIURA,SECHURA,RINCONADA LLICUAR,DOS PUEBLOS
210101,PUNO,PUNO,PUNO,PUNO
210102,PUNO,PUNO,ACORA,ACORA
210103,PUNO,PUNO,AMANTANI,AMANTANI
210104,PUNO,PUNO,ATUNCOLLA,ATUNCOLLA
210105,PUNO,PUNO,CAPACHICA,CAPACHICA
210106,PUNO,PUNO,CHUCUITO,CHUCUITO
210107,PUNO,PUNO,COATA,COATA
210108,PUNO,PUNO,HUATA,HUATA
210109,PUNO,PUNO,MAÑAZO,MAÑAZO
210110,PUNO,PUNO,PAUCARCOLLA,PAUCARCOLLA
210111,PUNO,PUNO,PICHACANI,LARAQUERI
210112,PUNO,PUNO,PLATERIA,PLATERIA
210113,PUNO,PUNO,SAN ANTONIO,SAN ANTONIO DE ESQUILACHE /15
210114,PUNO,PUNO,TIQUILLACA,TIQUILLACA
210115,PUNO,PUNO,VILQUE,VILQUE
210201,PUNO,AZANGARO,AZANGARO,AZANGARO
210202,PUNO,AZANGARO,ACHAYA,ACHAYA
210203,PUNO,AZANGARO,ARAPA,ARAPA
210204,PUNO,AZANGARO,ASILLO,ASILLO
210205,PUNO,AZANGARO,CAMINACA,CAMINACA
210206,PUNO,AZANGARO,CHUPA,CHUPA
210207,PUNO,AZANGARO,JOSE DOMINGO CHOQUEHUANCA,ESTACION DE PUCARA
210208,PUNO,AZANGARO,MUÑANI,MUÑANI
210209,PUNO,AZANGARO,POTONI,POTONI
210210,PUNO,AZANGARO,SAMAN,SAMAN
210211,PUNO,AZANGARO,SAN ANTON,SAN ANTON
210212,PUNO,AZANGARO,SAN JOSE,SAN JOSE
210213,PUNO,AZANGARO,SAN JUAN DE SALINAS,SAN JUAN DE SALINAS
210214,PUNO,AZANGARO,SANTIAGO DE PUPUJA,SANTIAGO DE PUPUJA
210215,PUNO,AZANGARO,TIRAPATA,TIRAPATA
210301,PUNO,CARABAYA,MACUSANI,MACUSANI
210302,PUNO,CARABAYA,AJOYANI,AJOYANI
210303,PUNO,CARABAYA,AYAPATA,AYAPATA
210304,PUNO,CARABAYA,COASA,COASA
210305,PUNO,CARABAYA,CORANI,CORANI
210306,PUNO,CARABAYA,CRUCERO,CRUCERO
210307,PUNO,CARABAYA,ITUATA,ITUATA /16
210308,PUNO,CARABAYA,OLLACHEA,OLLACHEA
210309,PUNO,CARABAYA,SAN GABAN,LANLACUNI BAJO
210310,PUNO,CARABAYA,USICAYOS,USICAYOS
210401,PUNO,CHUCUITO,JULI,JULI
210402,PUNO,CHUCUITO,DESAGUADERO,DESAGUADERO
210403,PUNO,CHUCUITO,HUACULLANI,HUACULLANI
210404,PUNO,CHUCUITO,KELLUYO,KELLUYO
210405,PUNO,CHUCUITO,PISACOMA,PISACOMA
210406,PUNO,CHUCUITO,POMATA,POMATA
210407,PUNO,CHUCUITO,ZEPITA,ZEPITA
210501,PUNO,EL COLLAO,ILAVE,ILAVE
210502,PUNO,EL COLLAO,CAPAZO,CAPAZO
210503,PUNO,EL COLLAO,PILCUYO,PILCUYO
210504,PUNO,EL COLLAO,SANTA ROSA,MAZO CRUZ
210505,PUNO,EL COLLAO,CONDURIRI,CONDURIRI
210601,PUNO,HUANCANE,HUANCANE,HUANCANE
210602,PUNO,HUANCANE,COJATA,COJATA
210603,PUNO,HUANCANE,HUATASANI,HUATASANI
210604,PUNO,HUANCANE,INCHUPALLA,INCHUPALLA
210605,PUNO,HUANCANE,PUSI,PUSI
210606,PUNO,HUANCANE,ROSASPATA,ROSASPATA
210607,PUNO,HUANCANE,TARACO,TARACO
210608,PUNO,HUANCANE,VILQUE CHICO,VILQUE CHICO
210701,PUNO,LAMPA,LAMPA,LAMPA
210702,PUNO,LAMPA,CABANILLA,CABANILLA
210703,PUNO,LAMPA,CALAPUJA,CALAPUJA
210704,PUNO,LAMPA,NICASIO,NICASIO
210705,PUNO,LAMPA,OCUVIRI,OCUVIRI
210706,PUNO,LAMPA,PALCA,PALCA
210707,PUNO,LAMPA,PARATIA,PARATIA
210708,PUNO,LAMPA,PUCARA,PUCARA
210709,PUNO,LAMPA,SANTA LUCIA,SANTA LUCIA
210710,PUNO,LAMPA,VILAVILA,VILAVILA
210801,PUNO,MELGAR,AYAVIRI,AYAVIRI
210802,PUNO,MELGAR,ANTAUTA,ANTAUTA
210803,PUNO,MELGAR,CUPI,CUPI
210804,PUNO,MELGAR,LLALLI,LLALLI
210805,PUNO,MELGAR,MACARI,MACARI
210806,PUNO,MELGAR,NUÑOA,NUÑOA
210807,PUNO,MELGAR,ORURILLO,ORURILLO
210808,PUNO,MELGAR,SANTA ROSA,SANTA ROSA
210809,PUNO,MELGAR,UMACHIRI,UMACHIRI
210901,PUNO,MOHO,MOHO,MOHO
210902,PUNO,MOHO,CONIMA,CONIMA
210903,PUNO,MOHO,HUAYRAPATA,HUAYRAPATA
210904,PUNO,MOHO,TILALI,TILALI
211001,PUNO,SAN ANTONIO DE PUTINA,PUTINA,PUTINA
211002,PUNO,SAN ANTONIO DE PUTINA,ANANEA,ANANEA
211003,PUNO,SAN ANTONIO DE PUTINA,PEDRO VILCA APAZA,AYRAMPUNI
211004,PUNO,SAN ANTONIO DE PUTINA,QUILCAPUNCU,QUILCAPUNCU
211005,PUNO,SAN ANTONIO DE PUTINA,SINA,SINA
211101,PUNO,SAN ROMAN,JULIACA,JULIACA
211102,PUNO,SAN ROMAN,CABANA,CABANA
211103,PUNO,SAN ROMAN,CABANILLAS,DEUSTUA
211104,PUNO,SAN ROMAN,CARACOTO,CARACOTO
211105,PUNO,SAN ROMAN,SAN MIGUEL,SAN MIGUEL
211201,PUNO,SANDIA,SANDIA,SANDIA
211202,PUNO,SANDIA,CUYOCUYO,CUYOCUYO
211203,PUNO,SANDIA,LIMBANI,LIMBANI
211204,PUNO,SANDIA,PATAMBUCO,PATAMBUCO
211205,PUNO,SANDIA,PHARA,PHARA
211206,PUNO,SANDIA,QUIACA,QUIACA
211207,PUNO,SANDIA,SAN JUAN DEL ORO,SAN JUAN DEL ORO
211208,PUNO,SANDIA,YANAHUAYA,YANAHUAYA
211209,PUNO,SANDIA,ALTO INAMBARI,MASSIAPO
211210,PUNO,SANDIA,SAN PEDRO DE PUTINA PUNCO,PUTINA PUNCO
211301,PUNO,YUNGUYO,YUNGUYO,YUNGUYO
211302,PUNO,YUNGUYO,ANAPIA,ANAPIA
211303,PUNO,YUNGUYO,COPANI,COPANI
211304,PUNO,YUNGUYO,CUTURAPI,SAN JUAN DE CUTURAPI
211305,PUNO,YUNGUYO,OLLARAYA,SAN MIGUEL DE OLLARAYA
211306,PUNO,YUNGUYO,TINICACHI,TINICACHI
211307,PUNO,YUNGUYO,UNICACHI,MARCAJA
220101,SAN MARTIN,MOYOBAMBA,MOYOBAMBA,MOYOBAMBA
220102,SAN MARTIN,MOYOBAMBA,CALZADA,CALZADA
220103,SAN MARTIN,MOYOBAMBA,HABANA,HABANA
220104,SAN MARTIN,MOYOBAMBA,JEPELACIO,JEPELACIO
220105,SAN MARTIN,MOYOBAMBA,SORITOR,SORITOR
220106,SAN MARTIN,MOYOBAMBA,YANTALO,YANTALO
220201,SAN MARTIN,BELLAVISTA,BELLAVISTA,BELLAVISTA
220202,SAN MARTIN,BELLAVISTA,ALTO BIAVO,CUZCO
220203,SAN MARTIN,BELLAVISTA,BAJO BIAVO,NUEVO LIMA
220204,SAN MARTIN,BELLAVISTA,HUALLAGA,LEDOY
220205,SAN MARTIN,BELLAVISTA,SAN PABLO,SAN PABLO
220206,SAN MARTIN,BELLAVISTA,SAN RAFAEL,SAN RAFAEL
220301,SAN MARTIN,EL DORADO,SAN JOSE DE SISA,SAN JOSE DE SISA
220302,SAN MARTIN,EL DORADO,AGUA BLANCA,AGUA BLANCA
220303,SAN MARTIN,EL DORADO,SAN MARTIN,SAN MARTIN
220304,SAN MARTIN,EL DORADO,SANTA ROSA,SANTA ROSA
220305,SAN MARTIN,EL DORADO,SHATOJA,SHATOJA
220401,SAN MARTIN,HUALLAGA,SAPOSOA,SAPOSOA
220402,SAN MARTIN,HUALLAGA,ALTO SAPOSOA,PASARRAYA
220403,SAN MARTIN,HUALLAGA,EL ESLABON,EL ESLABON
220404,SAN MARTIN,HUALLAGA,PISCOYACU,PISCOYACU
220405,SAN MARTIN,HUALLAGA,SACANCHE,SACANCHE
220406,SAN MARTIN,HUALLAGA,TINGO DE SAPOSOA,TINGO DE SAPOSOA
220501,SAN MARTIN,LAMAS,LAMAS,LAMAS
220502,SAN MARTIN,LAMAS,ALONSO DE ALVARADO,ROQUE
220503,SAN MARTIN,LAMAS,BARRANQUITA,BARRANQUITA
220504,SAN MARTIN,LAMAS,CAYNARACHI,PONGO DE CAYNARACHI
220505,SAN MARTIN,LAMAS,CUÑUMBUQUI,CUÑUMBUQUI
220506,SAN MARTIN,LAMAS,PINTO RECODO,PINTO RECODO
220507,SAN MARTIN,LAMAS,RUMISAPA,RUMISAPA
220508,SAN MARTIN,LAMAS,SAN ROQUE DE CUMBAZA,SAN ROQUE DE CUMBAZA
220509,SAN MARTIN,LAMAS,SHANAO,SHANAO
220510,SAN MARTIN,LAMAS,TABALOSOS,TABALOSOS
220511,SAN MARTIN,LAMAS,ZAPATERO,ZAPATERO
220601,SAN MARTIN,MARISCAL CACERES,JUANJUI,JUANJUI
220602,SAN MARTIN,MARISCAL CACERES,CAMPANILLA,CAMPANILLA
220603,SAN MARTIN,MARISCAL CACERES,HUICUNGO,HUICUNGO
220604,SAN MARTIN,MARISCAL CACERES,PACHIZA,PACHIZA
220605,SAN MARTIN,MARISCAL CACERES,PAJARILLO,PAJARILLO
220701,SAN MARTIN,PICOTA,PICOTA,PICOTA
220702,SAN MARTIN,PICOTA,BUENOS AIRES,BUENOS AIRES
220703,SAN MARTIN,PICOTA,CASPISAPA,CASPISAPA
220704,SAN MARTIN,PICOTA,PILLUANA,PILLUANA
220705,SAN MARTIN,PICOTA,PUCACACA,PUCACACA
220706,SAN MARTIN,PICOTA,SAN CRISTOBAL,PUERTO RICO
220707,SAN MARTIN,PICOTA,SAN HILARION,SAN CRISTOBAL DE SISA
220708,SAN MARTIN,PICOTA,SHAMBOYACU,SHAMBOYACU
220709,SAN MARTIN,PICOTA,TINGO DE PONASA,TINGO DE PONASA
220710,SAN MARTIN,PICOTA,TRES UNIDOS,TRES UNIDOS
220801,SAN MARTIN,RIOJA,RIOJA,RIOJA
220802,SAN MARTIN,RIOJA,AWAJUN,BAJO NARANJILLO
220803,SAN MARTIN,RIOJA,ELIAS SOPLIN VARGAS,SEGUNDA JERUSALEN-AZUNGUILLO
220804,SAN MARTIN,RIOJA,NUEVA CAJAMARCA,NUEVA CAJAMARCA
220805,SAN MARTIN,RIOJA,PARDO MIGUEL,NARANJOS
220806,SAN MARTIN,RIOJA,POSIC,POSIC
220807,SAN MARTIN,RIOJA,SAN FERNANDO,SAN FERNANDO
220808,SAN MARTIN,RIOJA,YORONGOS,YORONGOS
220809,SAN MARTIN,RIOJA,YURACYACU,YURACYACU
220901,SAN MARTIN,SAN MARTIN,TARAPOTO,TARAPOTO
220902,SAN MARTIN,SAN MARTIN,ALBERTO LEVEAU,UTCURARCA
220903,SAN MARTIN,SAN MARTIN,CACATACHI,CACATACHI
220904,SAN MARTIN,SAN MARTIN,CHAZUTA,CHAZUTA
220905,SAN MARTIN,SAN MARTIN,CHIPURANA,NAVARRO
220906,SAN MARTIN,SAN MARTIN,EL PORVENIR,PELEJO
220907,SAN MARTIN,SAN MARTIN,HUIMBAYOC,HUIMBAYOC
220908,SAN MARTIN,SAN MARTIN,JUAN GUERRA,JUAN GUERRA
220909,SAN MARTIN,SAN MARTIN,LA BANDA DE SHILCAYO,LA BANDA
220910,SAN MARTIN,SAN MARTIN,MORALES,MORALES
220911,SAN MARTIN,SAN MARTIN,PAPAPLAYA,PAPAPLAYA
220912,SAN MARTIN,SAN MARTIN,SAN ANTONIO,SAN ANTONIO
220913,SAN MARTIN,SAN MARTIN,SAUCE,SAUCE
220914,SAN MARTIN,SAN MARTIN,SHAPAJA,SHAPAJA
221001,SAN MARTIN,TOCACHE,TOCACHE,TOCACHE
221002,SAN MARTIN,TOCACHE,NUEVO PROGRESO,NUEVO PROGRESO
221003,SAN MARTIN,TOCACHE,POLVORA,POLVORA
221004,SAN MARTIN,TOCACHE,SHUNTE,TAMBO DE PAJA /18
221005,SAN MARTIN,TOCACHE,UCHIZA,UCHIZA
230101,TACNA,TACNA,TACNA,TACNA
230102,TACNA,TACNA,ALTO DE LA ALIANZA,LA ESPERANZA
230103,TACNA,TACNA,CALANA,CALANA
230104,TACNA,TACNA,CIUDAD NUEVA,CIUDAD NUEVA
230105,TACNA,TACNA,INCLAN,SAMA GRANDE
230106,TACNA,TACNA,PACHIA,PACHIA
230107,TACNA,TACNA,PALCA,PALCA
230108,TACNA,TACNA,POCOLLAY,POCOLLAY
230109,TACNA,TACNA,SAMA,LAS YARAS
230110,TACNA,TACNA,CORONEL GREGORIO ALBARRACIN LANCHIPA,ALFONSO UGARTE
230111,TACNA,TACNA,LA YARADA LOS PALOS,LOS PALOS
230201,TACNA,CANDARAVE,CANDARAVE,CANDARAVE
230202,TACNA,CANDARAVE,CAIRANI,CAIRANI
230203,TACNA,CANDARAVE,CAMILACA,ALTO CAMILACA
230204,TACNA,CANDARAVE,CURIBAYA,CURIBAYA
230205,TACNA,CANDARAVE,HUANUARA,HUANUARA
230206,TACNA,CANDARAVE,QUILAHUANI,QUILAHUANI
230301,TACNA,JORGE BASADRE,LOCUMBA,LOCUMBA
230302,TACNA,JORGE BASADRE,ILABAYA,ILABAYA
230303,TACNA,JORGE BASADRE,ITE,ITE
230401,TACNA,TARATA,TARATA,TARATA
230402,TACNA,TARATA,HEROES ALBARRACIN,CHUCATAMANI
230403,TACNA,TARATA,ESTIQUE,ESTIQUE
230404,TACNA,TARATA,ESTIQUE-PAMPA,ESTIQUE-PAMPA
230405,TACNA,TARATA,SITAJARA,SITAJARA
230406,TACNA,TARATA,SUSAPAYA,SUSAPAYA
230407,TACNA,TARATA,TARUCACHI,TARUCACHI
230408,TACNA,TARATA,TICACO,TICACO
240101,TUMBES,TUMBES,TUMBES,TUMBES
240102,TUMBES,TUMBES,CORRALES,SAN PEDRO DE LOS INCAS
240103,TUMBES,TUMBES,LA CRUZ,CALETA CRUZ
240104,TUMBES,TUMBES,PAMPAS DE HOSPITAL,PAMPAS DE HOSPITAL
240105,TUMBES,TUMBES,SAN JACINTO,SAN JACINTO
240106,TUMBES,TUMBES,SAN JUAN DE LA VIRGEN,SAN JUAN DE LA VIRGEN
240201,TUMBES,CONTRALMIRANTE VILLAR,ZORRITOS,ZORRITOS
240202,TUMBES,CONTRALMIRANTE VILLAR,CASITAS,CAÑAVERAL
240203,TUMBES,CONTRALMIRANTE VILLAR,CANOAS DE PUNTA SAL,CANCAS
240301,TUMBES,ZARUMILLA,ZARUMILLA,ZARUMILLA
240302,TUMBES,ZARUMILLA,AGUAS VERDES,AGUAS VERDES
240303,TUMBES,ZARUMILLA,MATAPALO,MATAPALO
240304,TUMBES,ZARUMILLA,PAPAYAL,PAPAYAL
250101,UCAYALI,CORONEL PORTILLO,CALLERIA,PUCALLPA
250102,UCAYALI,CORONEL PORTILLO,CAMPOVERDE,CAMPO VERDE
250103,UCAYALI,CORONEL PORTILLO,IPARIA,IPARIA
250104,UCAYALI,CORONEL PORTILLO,MASISEA,MASISEA
250105,UCAYALI,CORONEL PORTILLO,YARINACOCHA,PUERTO CALLAO
250106,UCAYALI,CORONEL PORTILLO,NUEVA REQUENA,NUEVA REQUENA
250107,UCAYALI,CORONEL PORTILLO,MANANTAY,SAN FERNANDO
250201,UCAYALI,ATALAYA,RAYMONDI,ATALAYA
250202,UCAYALI,ATALAYA,SEPAHUA,SEPAHUA
250203,UCAYALI,ATALAYA,TAHUANIA,BOLOGNESI
250204,UCAYALI,ATALAYA,YURUA,BREU
250301,UCAYALI,PADRE ABAD,PADRE ABAD,AGUAYTIA
250302,UCAYALI,PADRE ABAD,IRAZOLA,SAN ALEJANDRO
250303,UCAYALI,PADRE ABAD,CURIMANA,CURIMANA
250304,UCAYALI,PADRE ABAD,NESHUYA,MONTE ALEGRE
250305,UCAYALI,PADRE ABAD,ALEXANDER VON HUMBOLDT,ALEXANDER VON HUMBOLDT
250401,UCAYALI,PURUS,PURUS,ESPERANZA
